This is pdfTeX, Version 3.141592653-2.6-1.40.29 (MiKTeX 26.5) (preloaded format=pdflatex 2026.5.21)  4 JUN 2026 05:46
entering extended mode
 restricted \write18 enabled.
 %&-line parsing enabled.
**./main.tex
(main.tex
LaTeX2e <2025-11-01>
L3 programming layer <2026-03-20>
(C:\Users\QI\AppData\Local\Programs\MiKTeX\tex/latex/base\report.cls
Document Class: report 2025/01/22 v1.4n Standard LaTeX document class
(C:\Users\QI\AppData\Local\Programs\MiKTeX\tex/latex/base\size12.clo
File: size12.clo 2025/01/22 v1.4n Standard LaTeX file (size option)
)
\c@part=\count275
\c@chapter=\count276
\c@section=\count277
\c@subsection=\count278
\c@subsubsection=\count279
\c@paragraph=\count280
\c@subparagraph=\count281
\c@figure=\count282
\c@table=\count283
\abovecaptionskip=\skip49
\belowcaptionskip=\skip50
\bibindent=\dimen150
)
(C:\Users\QI\AppData\Local\Programs\MiKTeX\tex/latex/amsfonts\amssymb.sty
Package: amssymb 2013/01/14 v3.01 AMS font symbols

(C:\Users\QI\AppData\Local\Programs\MiKTeX\tex/latex/amsfonts\amsfonts.sty
Package: amsfonts 2013/01/14 v3.01 Basic AMSFonts support
\@emptytoks=\toks17
\symAMSa=\mathgroup4
\symAMSb=\mathgroup5
LaTeX Font Info:    Redeclaring math symbol \hbar on input line 98.
LaTeX Font Info:    Overwriting math alphabet `\mathfrak' in version `bold'
(Font)                  U/euf/m/n --> U/euf/b/n on input line 106.
))
(C:\Users\QI\AppData\Local\Programs\MiKTeX\tex/latex/amsmath\amscd.sty
Package: amscd 2017/04/14 v2.1 AMS Commutative Diagrams

(C:\Users\QI\AppData\Local\Programs\MiKTeX\tex/latex/amsmath\amsgen.sty
File: amsgen.sty 1999/11/30 v2.0 generic functions
\@emptytoks=\toks18
\ex@=\dimen151
)
\athelp@=\toks19
\minaw@=\dimen152
\bigaw@=\dimen153
\minCDarrowwidth=\dimen154
)
(C:\Users\QI\AppData\Local\Programs\MiKTeX\tex/latex/amsmath\amsmath.sty
Package: amsmath 2025/07/09 v2.17z AMS math features
\@mathmargin=\skip51

For additional information on amsmath, use the `?' option.
(C:\Users\QI\AppData\Local\Programs\MiKTeX\tex/latex/amsmath\amstext.sty
Package: amstext 2024/11/17 v2.01 AMS text
)
(C:\Users\QI\AppData\Local\Programs\MiKTeX\tex/latex/amsmath\amsbsy.sty
Package: amsbsy 1999/11/29 v1.2d Bold Symbols
\pmbraise@=\dimen155
)
(C:\Users\QI\AppData\Local\Programs\MiKTeX\tex/latex/amsmath\amsopn.sty
Package: amsopn 2022/04/08 v2.04 operator names
)
\inf@bad=\count284
LaTeX Info: Redefining \frac on input line 233.
\uproot@=\count285
\leftroot@=\count286
LaTeX Info: Redefining \overline on input line 398.
LaTeX Info: Redefining \colon on input line 409.
\classnum@=\count287
\DOTSCASE@=\count288
LaTeX Info: Redefining \ldots on input line 495.
LaTeX Info: Redefining \dots on input line 498.
LaTeX Info: Redefining \cdots on input line 619.
\Mathstrutbox@=\box53
\strutbox@=\box54
LaTeX Info: Redefining \big on input line 721.
LaTeX Info: Redefining \Big on input line 722.
LaTeX Info: Redefining \bigg on input line 723.
LaTeX Info: Redefining \Bigg on input line 724.
\big@size=\dimen156
LaTeX Font Info:    Redeclaring font encoding OML on input line 742.
LaTeX Font Info:    Redeclaring font encoding OMS on input line 743.
\macc@depth=\count289
LaTeX Info: Redefining \bmod on input line 904.
LaTeX Info: Redefining \pmod on input line 909.
LaTeX Info: Redefining \smash on input line 939.
LaTeX Info: Redefining \relbar on input line 969.
LaTeX Info: Redefining \Relbar on input line 970.
\c@MaxMatrixCols=\count290
\dotsspace@=\muskip17
\c@parentequation=\count291
\dspbrk@lvl=\count292
\tag@help=\toks20
\row@=\count293
\column@=\count294
\maxfields@=\count295
\andhelp@=\toks21
\eqnshift@=\dimen157
\alignsep@=\dimen158
\tagshift@=\dimen159
\tagwidth@=\dimen160
\totwidth@=\dimen161
\lineht@=\dimen162
\@envbody=\toks22
\multlinegap=\skip52
\multlinetaggap=\skip53
\mathdisplay@stack=\toks23
LaTeX Info: Redefining \[ on input line 2950.
LaTeX Info: Redefining \] on input line 2951.
)
(C:\Users\QI\AppData\Local\Programs\MiKTeX\tex/latex/amscls\amsthm.sty
Package: amsthm 2020/05/29 v2.20.6
\thm@style=\toks24
\thm@bodyfont=\toks25
\thm@headfont=\toks26
\thm@notefont=\toks27
\thm@headpunct=\toks28
\thm@preskip=\skip54
\thm@postskip=\skip55
\thm@headsep=\skip56
\dth@everypar=\toks29
)
(C:\Users\QI\AppData\Local\Programs\MiKTeX\tex/latex/tools\enumerate.sty
Package: enumerate 2023/07/04 v3.00 enumerate extensions (DPC)
\@enLab=\toks30
)
(C:\Users\QI\AppData\Local\Programs\MiKTeX\tex/latex/mathtools\mathtools.sty
Package: mathtools 2024/10/04 v1.31 mathematical typesetting tools

(C:\Users\QI\AppData\Local\Programs\MiKTeX\tex/latex/graphics\keyval.sty
Package: keyval 2022/05/29 v1.15 key=value parser (DPC)
\KV@toks@=\toks31
)
(C:\Users\QI\AppData\Local\Programs\MiKTeX\tex/latex/tools\calc.sty
Package: calc 2025/03/01 v4.3b Infix arithmetic (KKT,FJ)
\calc@Acount=\count296
\calc@Bcount=\count297
\calc@Adimen=\dimen163
\calc@Bdimen=\dimen164
\calc@Askip=\skip57
\calc@Bskip=\skip58
LaTeX Info: Redefining \setlength on input line 86.
LaTeX Info: Redefining \addtolength on input line 87.
\calc@Ccount=\count298
\calc@Cskip=\skip59
)
(C:\Users\QI\AppData\Local\Programs\MiKTeX\tex/latex/mathtools\mhsetup.sty
Package: mhsetup 2021/03/18 v1.4 programming setup (MH)
)
\g_MT_multlinerow_int=\count299
\l_MT_multwidth_dim=\dimen165
\origjot=\skip60
\l_MT_shortvdotswithinadjustabove_dim=\dimen166
\l_MT_shortvdotswithinadjustbelow_dim=\dimen167
\l_MT_above_intertext_sep=\dimen168
\l_MT_below_intertext_sep=\dimen169
\l_MT_above_shortintertext_sep=\dimen170
\l_MT_below_shortintertext_sep=\dimen171
\xmathstrut@box=\box55
\xmathstrut@dim=\dimen172
)
(C:\Users\QI\AppData\Local\Programs\MiKTeX\tex/latex/tools\array.sty
Package: array 2025/09/25 v2.6n Tabular extension package (FMi)
\col@sep=\dimen173
\ar@mcellbox=\box56
\extrarowheight=\dimen174
\NC@list=\toks32
\extratabsurround=\skip61
\backup@length=\skip62
\ar@cellbox=\box57
)
(C:\Users\QI\AppData\Local\Programs\MiKTeX\tex/latex/complexity\complexity.sty
Package: complexity 09/16/17  v0.81a

(C:\Users\QI\AppData\Local\Programs\MiKTeX\tex/latex/base\ifthen.sty
Package: ifthen 2024/03/16 v1.1e Standard LaTeX ifthen package (DPC)
)
(C:\Users\QI\AppData\Local\Programs\MiKTeX\tex/latex/complexity\mycomplexity.st
y)) (C:\Users\QI\AppData\Local\Programs\MiKTeX\tex/latex/biblatex\biblatex.sty
Package: biblatex 2025/07/10 v3.21 programmable bibliographies (PK/MW)

(C:\Users\QI\AppData\Local\Programs\MiKTeX\tex/generic/pdftexcmds\pdftexcmds.st
y
Package: pdftexcmds 2020-06-27 v0.33 Utility functions of pdfTeX for LuaTeX (HO
)

(C:\Users\QI\AppData\Local\Programs\MiKTeX\tex/generic/infwarerr\infwarerr.sty
Package: infwarerr 2019/12/03 v1.5 Providing info/warning/error messages (HO)
) (C:\Users\QI\AppData\Local\Programs\MiKTeX\tex/generic/iftex\iftex.sty
Package: iftex 2024/12/12 v1.0g TeX engine tests
)
(C:\Users\QI\AppData\Local\Programs\MiKTeX\tex/generic/ltxcmds\ltxcmds.sty
Package: ltxcmds 2023-12-04 v1.26 LaTeX kernel commands for general use (HO)
)
Package pdftexcmds Info: \pdf@primitive is available.
Package pdftexcmds Info: \pdf@ifprimitive is available.
Package pdftexcmds Info: \pdfdraftmode found.
)
(C:\Users\QI\AppData\Local\Programs\MiKTeX\tex/latex/etoolbox\etoolbox.sty
Package: etoolbox 2025/10/02 v2.5m e-TeX tools for LaTeX (JAW)
\etb@tempcnta=\count300
)
(C:\Users\QI\AppData\Local\Programs\MiKTeX\tex/latex/kvoptions\kvoptions.sty
Package: kvoptions 2022-06-15 v3.15 Key value format for package options (HO)

(C:\Users\QI\AppData\Local\Programs\MiKTeX\tex/latex/kvsetkeys\kvsetkeys.sty
Package: kvsetkeys 2022-10-05 v1.19 Key value parser (HO)
))
(C:\Users\QI\AppData\Local\Programs\MiKTeX\tex/latex/logreq\logreq.sty
Package: logreq 2010/08/04 v1.0 xml request logger
\lrq@indent=\count301

(C:\Users\QI\AppData\Local\Programs\MiKTeX\tex/latex/logreq\logreq.def
File: logreq.def 2010/08/04 v1.0 logreq spec v1.0
))
(C:\Users\QI\AppData\Local\Programs\MiKTeX\tex/latex/url\url.sty
\Urlmuskip=\muskip18
Package: url 2013/09/16  ver 3.4  Verb mode for urls, etc.
)
\c@tabx@nest=\count302
\c@listtotal=\count303
\c@listcount=\count304
\c@liststart=\count305
\c@liststop=\count306
\c@citecount=\count307
\c@citetotal=\count308
\c@multicitecount=\count309
\c@multicitetotal=\count310
\c@instcount=\count311
\c@maxnames=\count312
\c@minnames=\count313
\c@maxitems=\count314
\c@minitems=\count315
\c@citecounter=\count316
\c@maxcitecounter=\count317
\c@savedcitecounter=\count318
\c@uniquelist=\count319
\c@uniquename=\count320
\c@refsection=\count321
\c@refsegment=\count322
\c@maxextratitle=\count323
\c@maxextratitleyear=\count324
\c@maxextraname=\count325
\c@maxextradate=\count326
\c@maxextraalpha=\count327
\c@abbrvpenalty=\count328
\c@highnamepenalty=\count329
\c@lownamepenalty=\count330
\c@maxparens=\count331
\c@parenlevel=\count332
\blx@tempcnta=\count333
\blx@tempcntb=\count334
\blx@tempcntc=\count335
\c@blx@maxsection=\count336
\blx@maxsegment@0=\count337
\blx@notetype=\count338
\blx@parenlevel@text=\count339
\blx@parenlevel@foot=\count340
\blx@sectionciteorder@0=\count341
\blx@sectionciteorderinternal@0=\count342
\blx@entrysetcounter=\count343
\blx@biblioinstance=\count344
\labelnumberwidth=\skip63
\labelalphawidth=\skip64
\biblabelsep=\skip65
\bibitemsep=\skip66
\bibnamesep=\skip67
\bibinitsep=\skip68
\bibparsep=\skip69
\bibhang=\skip70
\blx@bcfin=\read2
\blx@bcfout=\write3
\blx@langwohyphens=\language79
\c@mincomprange=\count345
\c@maxcomprange=\count346
\c@mincompwidth=\count347
Package biblatex Info: Trying to load biblatex default data model...
Package biblatex Info: ... file 'blx-dm.def' found.

(C:\Users\QI\AppData\Local\Programs\MiKTeX\tex/latex/biblatex\blx-dm.def
File: blx-dm.def 2025/07/10 v3.21 biblatex datamodel (PK/MW)
)
Package biblatex Info: Trying to load biblatex style data model...
Package biblatex Info: ... file 'ieee.dbx' not found.
Package biblatex Info: Trying to load biblatex custom data model...
Package biblatex Info: ... file 'biblatex-dm.cfg' not found.
\c@afterword=\count348
\c@savedafterword=\count349
\c@annotator=\count350
\c@savedannotator=\count351
\c@author=\count352
\c@savedauthor=\count353
\c@bookauthor=\count354
\c@savedbookauthor=\count355
\c@commentator=\count356
\c@savedcommentator=\count357
\c@editor=\count358
\c@savededitor=\count359
\c@editora=\count360
\c@savededitora=\count361
\c@editorb=\count362
\c@savededitorb=\count363
\c@editorc=\count364
\c@savededitorc=\count365
\c@foreword=\count366
\c@savedforeword=\count367
\c@holder=\count368
\c@savedholder=\count369
\c@introduction=\count370
\c@savedintroduction=\count371
\c@namea=\count372
\c@savednamea=\count373
\c@nameb=\count374
\c@savednameb=\count375
\c@namec=\count376
\c@savednamec=\count377
\c@translator=\count378
\c@savedtranslator=\count379
\c@shortauthor=\count380
\c@savedshortauthor=\count381
\c@shorteditor=\count382
\c@savedshorteditor=\count383
\c@labelname=\count384
\c@savedlabelname=\count385
\c@institution=\count386
\c@savedinstitution=\count387
\c@lista=\count388
\c@savedlista=\count389
\c@listb=\count390
\c@savedlistb=\count391
\c@listc=\count392
\c@savedlistc=\count393
\c@listd=\count394
\c@savedlistd=\count395
\c@liste=\count396
\c@savedliste=\count397
\c@listf=\count398
\c@savedlistf=\count399
\c@location=\count400
\c@savedlocation=\count401
\c@organization=\count402
\c@savedorganization=\count403
\c@origlocation=\count404
\c@savedoriglocation=\count405
\c@origpublisher=\count406
\c@savedorigpublisher=\count407
\c@publisher=\count408
\c@savedpublisher=\count409
\c@language=\count410
\c@savedlanguage=\count411
\c@origlanguage=\count412
\c@savedoriglanguage=\count413
\c@pageref=\count414
\c@savedpageref=\count415
\shorthandwidth=\skip71
\shortjournalwidth=\skip72
\shortserieswidth=\skip73
\shorttitlewidth=\skip74
\shortauthorwidth=\skip75
\shorteditorwidth=\skip76
\locallabelnumberwidth=\skip77
\locallabelalphawidth=\skip78
\localshorthandwidth=\skip79
\localshortjournalwidth=\skip80
\localshortserieswidth=\skip81
\localshorttitlewidth=\skip82
\localshortauthorwidth=\skip83
\localshorteditorwidth=\skip84
Package biblatex Info: Trying to load compatibility code...
Package biblatex Info: ... file 'blx-compat.def' found.

(C:\Users\QI\AppData\Local\Programs\MiKTeX\tex/latex/biblatex\blx-compat.def
File: blx-compat.def 2025/07/10 v3.21 biblatex compatibility (PK/MW)
)
Package biblatex Info: Trying to load generic definitions...
Package biblatex Info: ... file 'biblatex.def' found.

(C:\Users\QI\AppData\Local\Programs\MiKTeX\tex/latex/biblatex\biblatex.def
File: biblatex.def 2025/07/10 v3.21 biblatex compatibility (PK/MW)
\c@textcitecount=\count416
\c@textcitetotal=\count417
\c@textcitemaxnames=\count418
\c@biburlbigbreakpenalty=\count419
\c@biburlbreakpenalty=\count420
\c@biburlnumpenalty=\count421
\c@biburlucpenalty=\count422
\c@biburllcpenalty=\count423
\biburlbigskip=\muskip19
\biburlnumskip=\muskip20
\biburlucskip=\muskip21
\biburllcskip=\muskip22
\c@smartand=\count424
)
Package biblatex Info: Trying to load bibliography style 'ieee'...
Package biblatex Info: ... file 'ieee.bbx' found.

(C:\Users\QI\AppData\Local\Programs\MiKTeX\tex/latex/biblatex-ieee\ieee.bbx
File: ieee.bbx 2025-08-01 v1.4f biblatex bibliography style
Package biblatex Info: Trying to load bibliography style 'numeric-comp'...
Package biblatex Info: ... file 'numeric-comp.bbx' found.

(C:\Users\QI\AppData\Local\Programs\MiKTeX\tex/latex/biblatex/bbx\numeric-comp.
bbx
File: numeric-comp.bbx 2025/07/10 v3.21 biblatex bibliography style (PK/MW)
Package biblatex Info: Trying to load bibliography style 'numeric'...
Package biblatex Info: ... file 'numeric.bbx' found.

(C:\Users\QI\AppData\Local\Programs\MiKTeX\tex/latex/biblatex/bbx\numeric.bbx
File: numeric.bbx 2025/07/10 v3.21 biblatex bibliography style (PK/MW)
Package biblatex Info: Trying to load bibliography style 'standard'...
Package biblatex Info: ... file 'standard.bbx' found.

(C:\Users\QI\AppData\Local\Programs\MiKTeX\tex/latex/biblatex/bbx\standard.bbx
File: standard.bbx 2025/07/10 v3.21 biblatex bibliography style (PK/MW)
\c@bbx:relatedcount=\count425
\c@bbx:relatedtotal=\count426
))))
Package biblatex Info: Trying to load citation style 'numeric-comp'...
Package biblatex Info: ... file 'numeric-comp.cbx' found.

(C:\Users\QI\AppData\Local\Programs\MiKTeX\tex/latex/biblatex/cbx\numeric-comp.
cbx
File: numeric-comp.cbx 2025/07/10 v3.21 biblatex citation style (PK/MW)
\c@cbx@tempcnta=\count427
\c@cbx@tempcntb=\count428
\c@cbx@tempcntc=\count429
\c@cbx@tempcntd=\count430
Package biblatex Info: Redefining '\cite'.
Package biblatex Info: Redefining '\parencite'.
Package biblatex Info: Redefining '\footcite'.
Package biblatex Info: Redefining '\footcitetext'.
Package biblatex Info: Redefining '\smartcite'.
Package biblatex Info: Redefining '\supercite'.
Package biblatex Info: Redefining '\textcite'.
Package biblatex Info: Redefining '\textcites'.
Package biblatex Info: Redefining '\cites'.
Package biblatex Info: Redefining '\parencites'.
Package biblatex Info: Redefining '\smartcites'.
)
Package biblatex Info: Trying to load configuration file...
Package biblatex Info: ... file 'biblatex.cfg' found.
 (C:\Users\QI\AppData\Local\Programs\MiKTeX\tex/latex/biblatex\biblatex.cfg
File: biblatex.cfg 
)
Package biblatex Info: Input encoding 'utf8' detected.
Package biblatex Info: Document encoding is UTF8 ....
 (C:\Users\QI\AppData\Local\Programs\MiKTeX\tex/latex/l3kernel\expl3.sty
Package: expl3 2026-03-20 L3 programming layer (loader) 

(C:\Users\QI\AppData\Local\Programs\MiKTeX\tex/latex/l3backend\l3backend-pdftex
.def
File: l3backend-pdftex.def 2026-02-18 L3 backend support: PDF output (pdfTeX)
\l__color_backend_stack_int=\count431
))
Package biblatex Info: ... and expl3
(biblatex)             2026-03-20 L3 programming layer (loader) 
(biblatex)             is new enough (at least 2020/04/06),
(biblatex)             setting 'casechanger=expl3'.

(C:\Users\QI\AppData\Local\Programs\MiKTeX\tex/latex/biblatex\blx-case-expl3.st
y
(C:\Users\QI\AppData\Local\Programs\MiKTeX\tex/latex/l3packages/xparse\xparse.s
ty
Package: xparse 2025-10-09 L3 Experimental document command parser
)
Package: blx-case-expl3 2025/07/10 v3.21 expl3 case changing code for biblatex
)) (C:\Users\QI\AppData\Local\Programs\MiKTeX\tex/latex/comment\comment.sty
\CommentStream=\write4

Excluding comment 'comment')
(C:\Users\QI\AppData\Local\Programs\MiKTeX\tex/latex/ragged2e\ragged2e.sty
Package: ragged2e 2023/06/22 v3.6 ragged2e Package


LaTeX Warning: Command \@arrayparboxrestore  has changed.
               Check if current package is valid.

(C:\Users\QI\AppData\Local\Programs\MiKTeX\tex/latex/footmisc\footmisc.sty
Package: footmisc 2025/05/09 v7.0b a miscellany of footnote facilities
\FN@temptoken=\toks33
\footnotemargin=\dimen175
Package footmisc Info: Declaring symbol style bringhurst on input line 549.
Package footmisc Info: Declaring symbol style chicago on input line 557.
Package footmisc Info: Declaring symbol style wiley on input line 566.
Package footmisc Info: Declaring symbol style lamport-robust on input line 577.

Package footmisc Info: Declaring symbol style lamport* on input line 597.
Package footmisc Info: Declaring symbol style lamport*-robust on input line 618
.
)
\CenteringLeftskip=\skip85
\RaggedLeftLeftskip=\skip86
\RaggedRightLeftskip=\skip87
\CenteringRightskip=\skip88
\RaggedLeftRightskip=\skip89
\RaggedRightRightskip=\skip90
\CenteringParfillskip=\skip91
\RaggedLeftParfillskip=\skip92
\RaggedRightParfillskip=\skip93
\JustifyingParfillskip=\skip94
\CenteringParindent=\skip95
\RaggedLeftParindent=\skip96
\RaggedRightParindent=\skip97
\JustifyingParindent=\skip98
)
(C:\Users\QI\AppData\Local\Programs\MiKTeX\tex/latex/geometry\geometry.sty
Package: geometry 2026/03/07 v6.0 Page Geometry

(C:\Users\QI\AppData\Local\Programs\MiKTeX\tex/generic/iftex\ifvtex.sty
Package: ifvtex 2019/10/25 v1.7 ifvtex legacy package. Use iftex instead.
)
\Gm@cnth=\count432
\Gm@cntv=\count433
\c@Gm@tempcnt=\count434
\Gm@bindingoffset=\dimen176
\Gm@wd@mp=\dimen177
\Gm@odd@mp=\dimen178
\Gm@even@mp=\dimen179
\Gm@layoutwidth=\dimen180
\Gm@layoutheight=\dimen181
\Gm@layouthoffset=\dimen182
\Gm@layoutvoffset=\dimen183
\Gm@dimlist=\toks34

(C:\Users\QI\AppData\Local\Programs\MiKTeX\tex/latex/geometry\geometry.cfg))
(C:\Users\QI\AppData\Local\Programs\MiKTeX\tex/latex/base\inputenc.sty
Package: inputenc 2024/02/08 v1.3d Input encoding file
\inpenc@prehook=\toks35
\inpenc@posthook=\toks36
)
(C:\Users\QI\AppData\Local\Programs\MiKTeX\tex/latex/graphics\color.sty
Package: color 2025/01/14 v1.3e Standard LaTeX Color (DPC)

(C:\Users\QI\AppData\Local\Programs\MiKTeX\tex/latex/graphics-cfg\color.cfg
File: color.cfg 2016/01/02 v1.6 sample color configuration
)
Package color Info: Driver file: pdftex.def on input line 149.

(C:\Users\QI\AppData\Local\Programs\MiKTeX\tex/latex/graphics-def\pdftex.def
File: pdftex.def 2025/09/29 v1.2d Graphics/color driver for pdftex
)
(C:\Users\QI\AppData\Local\Programs\MiKTeX\tex/latex/graphics\mathcolor.ltx))
(C:\Users\QI\AppData\Local\Programs\MiKTeX\tex/latex/csquotes\csquotes.sty
Package: csquotes 2024-04-04 v5.2o context-sensitive quotations (JAW)
\csq@reset=\count435
\csq@gtype=\count436
\csq@glevel=\count437
\csq@qlevel=\count438
\csq@maxlvl=\count439
\csq@tshold=\count440
\csq@ltx@everypar=\toks37

(C:\Users\QI\AppData\Local\Programs\MiKTeX\tex/latex/csquotes\csquotes.def
File: csquotes.def 2024-04-04 v5.2o csquotes generic definitions (JAW)
)
Package csquotes Info: Trying to load configuration file 'csquotes.cfg'...
Package csquotes Info: ... configuration file loaded successfully.

(C:\Users\QI\AppData\Local\Programs\MiKTeX\tex/latex/csquotes\csquotes.cfg
File: csquotes.cfg 
))
(C:\Users\QI\AppData\Local\Programs\MiKTeX\tex/latex/caption\subcaption.sty
Package: subcaption 2023/07/28 v1.6b Sub-captions (AR)

(C:\Users\QI\AppData\Local\Programs\MiKTeX\tex/latex/caption\caption.sty
Package: caption 2023/08/05 v3.6o Customizing captions (AR)

(C:\Users\QI\AppData\Local\Programs\MiKTeX\tex/latex/caption\caption3.sty
Package: caption3 2023/07/31 v2.4d caption3 kernel (AR)
\caption@tempdima=\dimen184
\captionmargin=\dimen185
\caption@leftmargin=\dimen186
\caption@rightmargin=\dimen187
\caption@width=\dimen188
\caption@indent=\dimen189
\caption@parindent=\dimen190
\caption@hangindent=\dimen191
Package caption Info: Standard document class detected.
)
\c@caption@flags=\count441
\c@continuedfloat=\count442
)
Package caption Info: New subtype `subfigure' on input line 238.
\c@subfigure=\count443
Package caption Info: New subtype `subtable' on input line 238.
\c@subtable=\count444
)
(C:\Users\QI\AppData\Local\Programs\MiKTeX\tex/latex/glossaries/base\glossaries
.sty
Package: glossaries 2025/11/09 v4.9 (NLCT)
 (C:\Users\QI\AppData\Local\Programs\MiKTeX\tex/latex/xkeyval\xkeyval.sty
Package: xkeyval 2022/06/16 v2.9 package option processing (HA)

(C:\Users\QI\AppData\Local\Programs\MiKTeX\tex/generic/xkeyval\xkeyval.tex
(C:\Users\QI\AppData\Local\Programs\MiKTeX\tex/generic/xkeyval\xkvutils.tex
\XKV@toks=\toks38
\XKV@tempa@toks=\toks39
)
\XKV@depth=\count445
File: xkeyval.tex 2014/12/03 v2.7a key=value parser (HA)
))
(C:\Users\QI\AppData\Local\Programs\MiKTeX\tex/latex/mfirstuc\mfirstuc.sty
Package: mfirstuc 2025/04/03 v2.09 (NLCT)
\@glsmfirst=\toks40
\@glsmrest=\toks41
)
(C:\Users\QI\AppData\Local\Programs\MiKTeX\tex/latex/xfor\xfor.sty
Package: xfor 2009/02/05 v1.05 (NLCT)
)
(C:\Users\QI\AppData\Local\Programs\MiKTeX\tex/latex/datatool\datatool-base.sty
Package: datatool-base 2025/12/04 v3.4.3 (NLCT)
(C:\Users\QI\AppData\Local\Programs\MiKTeX\tex/latex/tracklang\tracklang.sty
Package: tracklang 2025/03/11 v1.6.6 (NLCT) Track Languages

(C:\Users\QI\AppData\Local\Programs\MiKTeX\tex/generic/tracklang\tracklang.tex)
)
\l__datatool_tmpa_int=\count446
\l__datatool_tmpb_int=\count447
\l__datatool_tmpc_int=\count448
\l__datatool_tmpd_int=\count449
\l__datatool_count_int=\count450
\l__datatool_tmp_datatype_int=\count451
\l__datatool_tmpa_dim=\dimen192
\l__datatool_tmpb_dim=\dimen193

(C:\Users\QI\AppData\Local\Programs\MiKTeX\tex/latex/datatool\datatool-l3fp.def
File: datatool-l3fp.def 2025/12/04 v3.4.3 (NLCT)
)
\@dtl@toks=\toks42
\@dtl@tmpcount=\count452
\dtl@tmplength=\skip99
\l__datatool_measure_box=\box58
\dtl@sortresult=\count453

(C:\Users\QI\AppData\Local\Programs\MiKTeX\tex/latex/datatool\datatool-utf8.ldf
File: datatool-utf8.ldf 2025/12/04 v3.4.3 (NLCT)
)
\@dtl@datatype=\count454
\c_datatool_unknown_int=\count455
\l__datatool_year_int=\count456
\l__datatool_month_int=\count457
\l__datatool_day_int=\count458
\l__datatool_hour_int=\count459
\l__datatool_minute_int=\count460
\l__datatool_second_int=\count461
\l__datatool_tzhour_int=\count462
\l__datatool_tzminute_int=\count463
\l__datatool_julian_int=\count464
\l__datatool_local_julian_int=\count465
\l__datatool_prefix_int=\count466
\l__datatool_suffix_int=\count467
\@dtl@foreach@level=\count468
\dtl@codeA=\count469
\dtl@codeB=\count470
)
\gls@level=\count471
\@gls@tmpb=\toks43
\gls@tmplen=\skip100
\l__glossaries_tmpa_dim=\dimen194
\l__glossaries_tmpb_dim=\dimen195
\glskeylisttok=\toks44
\glslabeltok=\toks45
\glsshorttok=\toks46
\glslongtok=\toks47

(C:\Users\QI\AppData\Local\Programs\MiKTeX\tex/latex/glossaries/styles\glossary
-hypernav.sty
Package: glossary-hypernav 2025/11/09 v4.9 (NLCT)
)
(C:\Users\QI\AppData\Local\Programs\MiKTeX\tex/latex/glossaries/styles\glossary
-list.sty
Package: glossary-list 2025/11/09 v4.9 (NLCT)
\glslistdottedwidth=\skip101
)
(C:\Users\QI\AppData\Local\Programs\MiKTeX\tex/latex/glossaries/styles\glossary
-long.sty
Package: glossary-long 2025/11/09 v4.9 (NLCT)

(C:\Users\QI\AppData\Local\Programs\MiKTeX\tex/latex/tools\longtable.sty
Package: longtable 2025-10-13 v4.24 Multi-page Table package (DPC)
\LTleft=\skip102
\LTright=\skip103
\LTpre=\skip104
\LTpost=\skip105
\LTchunksize=\count472
\LTcapwidth=\dimen196
\LT@head=\box59
\LT@firsthead=\box60
\LT@foot=\box61
\LT@lastfoot=\box62
\LT@gbox=\box63
\LT@cols=\count473
\LT@rows=\count474
\c@LT@tables=\count475
\c@LT@chunks=\count476
\LT@p@ftn=\toks48
)
\glsdescwidth=\skip106
\glspagelistwidth=\skip107
)
(C:\Users\QI\AppData\Local\Programs\MiKTeX\tex/latex/glossaries/styles\glossary
-super.sty
Package: glossary-super 2025/11/09 v4.9 (NLCT)

(C:\Users\QI\AppData\Local\Programs\MiKTeX\tex/latex/supertabular\supertabular.
sty
Package: supertabular 2025/06/26 v4.2d the supertabular environment
\c@tracingst=\count477
\ST@wd=\dimen197
\ST@rightskip=\skip108
\ST@leftskip=\skip109
\ST@parfillskip=\skip110
\ST@pageleft=\dimen198
\ST@headht=\dimen199
\ST@tailht=\dimen256
\ST@pagesofar=\dimen257
\ST@pboxht=\dimen258
\ST@rowht=\dimen259
\ST@prevht=\dimen260
\ST@toadd=\dimen261
\ST@dimen=\dimen262
\ST@pbox=\box64
))
(C:\Users\QI\AppData\Local\Programs\MiKTeX\tex/latex/glossaries/styles\glossary
-tree.sty
Package: glossary-tree 2025/11/09 v4.9 (NLCT)
\l__glossaries_tree_max_known_level_int=\count478
\l__glossaries_tree_offset_dim=\dimen263
\l__glossaries_tree_namewidth_dim=\dimen264
\l__glossaries_tree_symbolwidth_dim=\dimen265
\l__glossaries_tree_prenamesym_width_dim=\dimen266
\l__glossaries_tree_presubnamesym_width_dim=\dimen267
\l__glossaries_tree_namewidth_padding_dim=\dimen268
\l__glossaries_tree_symbolwidth_padding_dim=\dimen269
\l__glossaries_tree_namesymbolwidth_dim=\dimen270
\l__glossaries_tree_namesymbolwidth_padding_dim=\dimen271
\l__glossaries_tree_level_int=\count479
\glstreeindent=\skip111
))
(C:\Users\QI\AppData\Local\Programs\MiKTeX\tex/latex/xcolor\xcolor.sty
Package: xcolor 2024/09/29 v3.02 LaTeX color extensions (UK)

(C:\Users\QI\AppData\Local\Programs\MiKTeX\tex/latex/graphics-cfg\color.cfg
File: color.cfg 2016/01/02 v1.6 sample color configuration
)
Package xcolor Info: Driver file: pdftex.def on input line 274.
LaTeX Info: Redefining \color on input line 762.

(C:\Users\QI\AppData\Local\Programs\MiKTeX\tex/latex/graphics\mathcolor.ltx)
Package xcolor Info: Model `cmy' substituted by `cmy0' on input line 1349.
Package xcolor Info: Model `hsb' substituted by `rgb' on input line 1353.
Package xcolor Info: Model `RGB' extended on input line 1365.
Package xcolor Info: Model `HTML' substituted by `rgb' on input line 1367.
Package xcolor Info: Model `Hsb' substituted by `hsb' on input line 1368.
Package xcolor Info: Model `tHsb' substituted by `hsb' on input line 1369.
Package xcolor Info: Model `HSB' substituted by `hsb' on input line 1370.
Package xcolor Info: Model `Gray' substituted by `gray' on input line 1371.
Package xcolor Info: Model `wave' substituted by `hsb' on input line 1372.
)
(C:\Users\QI\AppData\Local\Programs\MiKTeX\tex/latex/nomencl\nomencl.sty
Package: nomencl 2021/11/10 v5.6 Nomenclature package

(C:\Users\QI\AppData\Local\Programs\MiKTeX\tex/latex/koma-script\tocbasic.sty

+----------------------------------------------------------------------
| WARNING (`tocbasic.sty'):
+----------------------------------------------------------------------
| YOU SHOULD NOTE, THAT THIS IS NOT AN OFFICIAL RELEASE!
| THIS VERSION IS INTENDED TO BE USED FOR TESTING ONLY!
| USAGE FOR PURPOSES OTHER THAN INTENDED IS DANGEROUS!
| DON'T EXPECT ANY SUPPORT FOR THIS VERSION!
+----------------------------------------------------------------------

Package: tocbasic 2026/01/29 v3.49.1 KOMA-Script package (handling toc-files)
(C:\Users\QI\AppData\Local\Programs\MiKTeX\tex/latex/koma-script\scrbase.sty

+----------------------------------------------------------------------
| WARNING (`scrbase.sty'):
+----------------------------------------------------------------------
| YOU SHOULD NOTE, THAT THIS IS NOT AN OFFICIAL RELEASE!
| THIS VERSION IS INTENDED TO BE USED FOR TESTING ONLY!
| USAGE FOR PURPOSES OTHER THAN INTENDED IS DANGEROUS!
| DON'T EXPECT ANY SUPPORT FOR THIS VERSION!
+----------------------------------------------------------------------

Package: scrbase 2026/01/29 v3.49.1 KOMA-Script package (KOMA-Script-independen
t basics and keyval usage)
(C:\Users\QI\AppData\Local\Programs\MiKTeX\tex/latex/koma-script\scrlfile.sty

+----------------------------------------------------------------------
| WARNING (`scrlfile.sty'):
+----------------------------------------------------------------------
| YOU SHOULD NOTE, THAT THIS IS NOT AN OFFICIAL RELEASE!
| THIS VERSION IS INTENDED TO BE USED FOR TESTING ONLY!
| USAGE FOR PURPOSES OTHER THAN INTENDED IS DANGEROUS!
| DON'T EXPECT ANY SUPPORT FOR THIS VERSION!
+----------------------------------------------------------------------

Package: scrlfile 2026/01/29 v3.49.1 KOMA-Script package (file load hooks)

(C:\Users\QI\AppData\Local\Programs\MiKTeX\tex/latex/koma-script\scrlfile-hook.
sty

+----------------------------------------------------------------------
| WARNING (`scrlfile-hook.sty'):
+----------------------------------------------------------------------
| YOU SHOULD NOTE, THAT THIS IS NOT AN OFFICIAL RELEASE!
| THIS VERSION IS INTENDED TO BE USED FOR TESTING ONLY!
| USAGE FOR PURPOSES OTHER THAN INTENDED IS DANGEROUS!
| DON'T EXPECT ANY SUPPORT FOR THIS VERSION!
+----------------------------------------------------------------------

Package: scrlfile-hook 2026/01/29 v3.49.1 KOMA-Script package (using LaTeX hook
s)
(C:\Users\QI\AppData\Local\Programs\MiKTeX\tex/latex/koma-script\scrlogo.sty

+----------------------------------------------------------------------
| WARNING (`scrlogo.sty'):
+----------------------------------------------------------------------
| YOU SHOULD NOTE, THAT THIS IS NOT AN OFFICIAL RELEASE!
| THIS VERSION IS INTENDED TO BE USED FOR TESTING ONLY!
| USAGE FOR PURPOSES OTHER THAN INTENDED IS DANGEROUS!
| DON'T EXPECT ANY SUPPORT FOR THIS VERSION!
+----------------------------------------------------------------------

Package: scrlogo 2026/01/29 v3.49.1 KOMA-Script package (logo)
)))
Applying: [2021/05/01] Usage of raw or classic option list on input line 267.
Already applied: [0000/00/00] Usage of raw or classic option list on input line
 383.
)
\scr@dte@tocline@numberwidth=\skip112
\scr@dte@tocline@numbox=\box65
)
Package tocbasic Info: omitting babel extension for `nlo'
(tocbasic)             because of missing \bbl@set@language on input line 187.
Package tocbasic Info: omitting babel extension for `nls'
(tocbasic)             because of missing \bbl@set@language on input line 188.
\nomlabelwidth=\dimen272
\nom@tempdim=\dimen273
\nomitemsep=\skip113
)
(C:\Users\QI\AppData\Local\Programs\MiKTeX\tex/latex/fancyhdr\fancyhdr.sty
Package: fancyhdr 2025/02/07 v5.2 Extensive control of page headers and footers

\f@nch@headwidth=\skip114
\f@nch@offset@elh=\skip115
\f@nch@offset@erh=\skip116
\f@nch@offset@olh=\skip117
\f@nch@offset@orh=\skip118
\f@nch@offset@elf=\skip119
\f@nch@offset@erf=\skip120
\f@nch@offset@olf=\skip121
\f@nch@offset@orf=\skip122
\f@nch@height=\skip123
\f@nch@footalignment=\skip124
\f@nch@widthL=\skip125
\f@nch@widthC=\skip126
\f@nch@widthR=\skip127
\@temptokenb=\toks49
)
(C:\Users\QI\AppData\Local\Programs\MiKTeX\tex/latex/tcolorbox\tcolorbox.sty
Package: tcolorbox 2025/11/28 version 6.9.0 text color boxes

(C:\Users\QI\AppData\Local\Programs\MiKTeX\tex/latex/pgf/frontendlayer\tikz.sty
(C:\Users\QI\AppData\Local\Programs\MiKTeX\tex/latex/pgf/basiclayer\pgf.sty
(C:\Users\QI\AppData\Local\Programs\MiKTeX\tex/latex/pgf/utilities\pgfrcs.sty
(C:\Users\QI\AppData\Local\Programs\MiKTeX\tex/generic/pgf/utilities\pgfutil-co
mmon.tex
\pgfutil@everybye=\toks50
\pgfutil@tempdima=\dimen274
\pgfutil@tempdimb=\dimen275
)
(C:\Users\QI\AppData\Local\Programs\MiKTeX\tex/generic/pgf/utilities\pgfutil-la
tex.def
\pgfutil@abb=\box66
)
(C:\Users\QI\AppData\Local\Programs\MiKTeX\tex/generic/pgf/utilities\pgfrcs.cod
e.tex
(C:\Users\QI\AppData\Local\Programs\MiKTeX\tex/generic/pgf\pgf.revision.tex)
Package: pgfrcs 2025-08-29 v3.1.11a (3.1.11a)
))
Package: pgf 2025-08-29 v3.1.11a (3.1.11a)

(C:\Users\QI\AppData\Local\Programs\MiKTeX\tex/latex/pgf/basiclayer\pgfcore.sty
(C:\Users\QI\AppData\Local\Programs\MiKTeX\tex/latex/graphics\graphicx.sty
Package: graphicx 2024/12/31 v1.2e Enhanced LaTeX Graphics (DPC,SPQR)

(C:\Users\QI\AppData\Local\Programs\MiKTeX\tex/latex/graphics\graphics.sty
Package: graphics 2024/08/06 v1.4g Standard LaTeX Graphics (DPC,SPQR)

(C:\Users\QI\AppData\Local\Programs\MiKTeX\tex/latex/graphics\trig.sty
Package: trig 2023/12/02 v1.11 sin cos tan (DPC)
)
(C:\Users\QI\AppData\Local\Programs\MiKTeX\tex/latex/graphics-cfg\graphics.cfg
File: graphics.cfg 2016/06/04 v1.11 sample graphics configuration
)
Package graphics Info: Driver file: pdftex.def on input line 106.
)
\Gin@req@height=\dimen276
\Gin@req@width=\dimen277
)
(C:\Users\QI\AppData\Local\Programs\MiKTeX\tex/latex/pgf/systemlayer\pgfsys.sty

(C:\Users\QI\AppData\Local\Programs\MiKTeX\tex/generic/pgf/systemlayer\pgfsys.c
ode.tex
Package: pgfsys 2025-08-29 v3.1.11a (3.1.11a)

(C:\Users\QI\AppData\Local\Programs\MiKTeX\tex/generic/pgf/utilities\pgfkeys.co
de.tex
\pgfkeys@pathtoks=\toks51
\pgfkeys@temptoks=\toks52

(C:\Users\QI\AppData\Local\Programs\MiKTeX\tex/generic/pgf/utilities\pgfkeyslib
raryfiltered.code.tex
\pgfkeys@tmptoks=\toks53
))
\pgf@x=\dimen278
\pgf@y=\dimen279
\pgf@xa=\dimen280
\pgf@ya=\dimen281
\pgf@xb=\dimen282
\pgf@yb=\dimen283
\pgf@xc=\dimen284
\pgf@yc=\dimen285
\pgf@xd=\dimen286
\pgf@yd=\dimen287
\w@pgf@writea=\write5
\r@pgf@reada=\read3
\c@pgf@counta=\count480
\c@pgf@countb=\count481
\c@pgf@countc=\count482
\c@pgf@countd=\count483
\t@pgf@toka=\toks54
\t@pgf@tokb=\toks55
\t@pgf@tokc=\toks56
\pgf@sys@id@count=\count484

(C:\Users\QI\AppData\Local\Programs\MiKTeX\tex/generic/pgf/systemlayer\pgf.cfg
File: pgf.cfg 2025-08-29 v3.1.11a (3.1.11a)
)
Driver file for pgf: pgfsys-pdftex.def

(C:\Users\QI\AppData\Local\Programs\MiKTeX\tex/generic/pgf/systemlayer\pgfsys-p
dftex.def
File: pgfsys-pdftex.def 2025-08-29 v3.1.11a (3.1.11a)

(C:\Users\QI\AppData\Local\Programs\MiKTeX\tex/generic/pgf/systemlayer\pgfsys-c
ommon-pdf.def
File: pgfsys-common-pdf.def 2025-08-29 v3.1.11a (3.1.11a)
)))
(C:\Users\QI\AppData\Local\Programs\MiKTeX\tex/generic/pgf/systemlayer\pgfsysso
ftpath.code.tex
File: pgfsyssoftpath.code.tex 2025-08-29 v3.1.11a (3.1.11a)
\pgfsyssoftpath@smallbuffer@items=\count485
\pgfsyssoftpath@bigbuffer@items=\count486
)
(C:\Users\QI\AppData\Local\Programs\MiKTeX\tex/generic/pgf/systemlayer\pgfsyspr
otocol.code.tex
File: pgfsysprotocol.code.tex 2025-08-29 v3.1.11a (3.1.11a)
))
(C:\Users\QI\AppData\Local\Programs\MiKTeX\tex/generic/pgf/basiclayer\pgfcore.c
ode.tex
Package: pgfcore 2025-08-29 v3.1.11a (3.1.11a)

(C:\Users\QI\AppData\Local\Programs\MiKTeX\tex/generic/pgf/math\pgfmath.code.te
x
(C:\Users\QI\AppData\Local\Programs\MiKTeX\tex/generic/pgf/math\pgfmathutil.cod
e.tex)
(C:\Users\QI\AppData\Local\Programs\MiKTeX\tex/generic/pgf/math\pgfmathparser.c
ode.tex
\pgfmath@dimen=\dimen288
\pgfmath@count=\count487
\pgfmath@box=\box67
\pgfmath@toks=\toks57
\pgfmath@stack@operand=\toks58
\pgfmath@stack@operation=\toks59
)
(C:\Users\QI\AppData\Local\Programs\MiKTeX\tex/generic/pgf/math\pgfmathfunction
s.code.tex)
(C:\Users\QI\AppData\Local\Programs\MiKTeX\tex/generic/pgf/math\pgfmathfunction
s.basic.code.tex)
(C:\Users\QI\AppData\Local\Programs\MiKTeX\tex/generic/pgf/math\pgfmathfunction
s.trigonometric.code.tex)
(C:\Users\QI\AppData\Local\Programs\MiKTeX\tex/generic/pgf/math\pgfmathfunction
s.random.code.tex)
(C:\Users\QI\AppData\Local\Programs\MiKTeX\tex/generic/pgf/math\pgfmathfunction
s.comparison.code.tex)
(C:\Users\QI\AppData\Local\Programs\MiKTeX\tex/generic/pgf/math\pgfmathfunction
s.base.code.tex)
(C:\Users\QI\AppData\Local\Programs\MiKTeX\tex/generic/pgf/math\pgfmathfunction
s.round.code.tex)
(C:\Users\QI\AppData\Local\Programs\MiKTeX\tex/generic/pgf/math\pgfmathfunction
s.misc.code.tex)
(C:\Users\QI\AppData\Local\Programs\MiKTeX\tex/generic/pgf/math\pgfmathfunction
s.integerarithmetics.code.tex)
(C:\Users\QI\AppData\Local\Programs\MiKTeX\tex/generic/pgf/math\pgfmathcalc.cod
e.tex)
(C:\Users\QI\AppData\Local\Programs\MiKTeX\tex/generic/pgf/math\pgfmathfloat.co
de.tex
\c@pgfmathroundto@lastzeros=\count488
))
(C:\Users\QI\AppData\Local\Programs\MiKTeX\tex/generic/pgf/math\pgfint.code.tex
)
(C:\Users\QI\AppData\Local\Programs\MiKTeX\tex/generic/pgf/basiclayer\pgfcorepo
ints.code.tex
File: pgfcorepoints.code.tex 2025-08-29 v3.1.11a (3.1.11a)
\pgf@picminx=\dimen289
\pgf@picmaxx=\dimen290
\pgf@picminy=\dimen291
\pgf@picmaxy=\dimen292
\pgf@pathminx=\dimen293
\pgf@pathmaxx=\dimen294
\pgf@pathminy=\dimen295
\pgf@pathmaxy=\dimen296
\pgf@xx=\dimen297
\pgf@xy=\dimen298
\pgf@yx=\dimen299
\pgf@yy=\dimen300
\pgf@zx=\dimen301
\pgf@zy=\dimen302
)
(C:\Users\QI\AppData\Local\Programs\MiKTeX\tex/generic/pgf/basiclayer\pgfcorepa
thconstruct.code.tex
File: pgfcorepathconstruct.code.tex 2025-08-29 v3.1.11a (3.1.11a)
\pgf@path@lastx=\dimen303
\pgf@path@lasty=\dimen304
)
(C:\Users\QI\AppData\Local\Programs\MiKTeX\tex/generic/pgf/basiclayer\pgfcorepa
thusage.code.tex
File: pgfcorepathusage.code.tex 2025-08-29 v3.1.11a (3.1.11a)
\pgf@shorten@end@additional=\dimen305
\pgf@shorten@start@additional=\dimen306
)
(C:\Users\QI\AppData\Local\Programs\MiKTeX\tex/generic/pgf/basiclayer\pgfcoresc
opes.code.tex
File: pgfcorescopes.code.tex 2025-08-29 v3.1.11a (3.1.11a)
\pgfpic=\box68
\pgf@hbox=\box69
\pgf@layerbox@main=\box70
\pgf@picture@serial@count=\count489
)
(C:\Users\QI\AppData\Local\Programs\MiKTeX\tex/generic/pgf/basiclayer\pgfcoregr
aphicstate.code.tex
File: pgfcoregraphicstate.code.tex 2025-08-29 v3.1.11a (3.1.11a)
\pgflinewidth=\dimen307
)
(C:\Users\QI\AppData\Local\Programs\MiKTeX\tex/generic/pgf/basiclayer\pgfcoretr
ansformations.code.tex
File: pgfcoretransformations.code.tex 2025-08-29 v3.1.11a (3.1.11a)
\pgf@pt@x=\dimen308
\pgf@pt@y=\dimen309
\pgf@pt@temp=\dimen310
)
(C:\Users\QI\AppData\Local\Programs\MiKTeX\tex/generic/pgf/basiclayer\pgfcorequ
ick.code.tex
File: pgfcorequick.code.tex 2025-08-29 v3.1.11a (3.1.11a)
)
(C:\Users\QI\AppData\Local\Programs\MiKTeX\tex/generic/pgf/basiclayer\pgfcoreob
jects.code.tex
File: pgfcoreobjects.code.tex 2025-08-29 v3.1.11a (3.1.11a)
)
(C:\Users\QI\AppData\Local\Programs\MiKTeX\tex/generic/pgf/basiclayer\pgfcorepa
thprocessing.code.tex
File: pgfcorepathprocessing.code.tex 2025-08-29 v3.1.11a (3.1.11a)
)
(C:\Users\QI\AppData\Local\Programs\MiKTeX\tex/generic/pgf/basiclayer\pgfcorear
rows.code.tex
File: pgfcorearrows.code.tex 2025-08-29 v3.1.11a (3.1.11a)
\pgfarrowsep=\dimen311
)
(C:\Users\QI\AppData\Local\Programs\MiKTeX\tex/generic/pgf/basiclayer\pgfcoresh
ade.code.tex
File: pgfcoreshade.code.tex 2025-08-29 v3.1.11a (3.1.11a)
\pgf@max=\dimen312
\pgf@sys@shading@range@num=\count490
\pgf@shadingcount=\count491
)
(C:\Users\QI\AppData\Local\Programs\MiKTeX\tex/generic/pgf/basiclayer\pgfcoreim
age.code.tex
File: pgfcoreimage.code.tex 2025-08-29 v3.1.11a (3.1.11a)
)
(C:\Users\QI\AppData\Local\Programs\MiKTeX\tex/generic/pgf/basiclayer\pgfcoreex
ternal.code.tex
File: pgfcoreexternal.code.tex 2025-08-29 v3.1.11a (3.1.11a)
\pgfexternal@startupbox=\box71
)
(C:\Users\QI\AppData\Local\Programs\MiKTeX\tex/generic/pgf/basiclayer\pgfcorela
yers.code.tex
File: pgfcorelayers.code.tex 2025-08-29 v3.1.11a (3.1.11a)
)
(C:\Users\QI\AppData\Local\Programs\MiKTeX\tex/generic/pgf/basiclayer\pgfcoretr
ansparency.code.tex
File: pgfcoretransparency.code.tex 2025-08-29 v3.1.11a (3.1.11a)
)
(C:\Users\QI\AppData\Local\Programs\MiKTeX\tex/generic/pgf/basiclayer\pgfcorepa
tterns.code.tex
File: pgfcorepatterns.code.tex 2025-08-29 v3.1.11a (3.1.11a)
)
(C:\Users\QI\AppData\Local\Programs\MiKTeX\tex/generic/pgf/basiclayer\pgfcorerd
f.code.tex
File: pgfcorerdf.code.tex 2025-08-29 v3.1.11a (3.1.11a)
)))
(C:\Users\QI\AppData\Local\Programs\MiKTeX\tex/generic/pgf/modules\pgfmodulesha
pes.code.tex
File: pgfmoduleshapes.code.tex 2025-08-29 v3.1.11a (3.1.11a)
\pgfnodeparttextbox=\box72
)
(C:\Users\QI\AppData\Local\Programs\MiKTeX\tex/generic/pgf/modules\pgfmoduleplo
t.code.tex
File: pgfmoduleplot.code.tex 2025-08-29 v3.1.11a (3.1.11a)
)
(C:\Users\QI\AppData\Local\Programs\MiKTeX\tex/latex/pgf/compatibility\pgfcomp-
version-0-65.sty
Package: pgfcomp-version-0-65 2025-08-29 v3.1.11a (3.1.11a)
\pgf@nodesepstart=\dimen313
\pgf@nodesepend=\dimen314
)
(C:\Users\QI\AppData\Local\Programs\MiKTeX\tex/latex/pgf/compatibility\pgfcomp-
version-1-18.sty
Package: pgfcomp-version-1-18 2025-08-29 v3.1.11a (3.1.11a)
))
(C:\Users\QI\AppData\Local\Programs\MiKTeX\tex/latex/pgf/utilities\pgffor.sty
(C:\Users\QI\AppData\Local\Programs\MiKTeX\tex/latex/pgf/utilities\pgfkeys.sty
(C:\Users\QI\AppData\Local\Programs\MiKTeX\tex/generic/pgf/utilities\pgfkeys.co
de.tex))
(C:\Users\QI\AppData\Local\Programs\MiKTeX\tex/latex/pgf/math\pgfmath.sty
(C:\Users\QI\AppData\Local\Programs\MiKTeX\tex/generic/pgf/math\pgfmath.code.te
x))
(C:\Users\QI\AppData\Local\Programs\MiKTeX\tex/generic/pgf/utilities\pgffor.cod
e.tex
Package: pgffor 2025-08-29 v3.1.11a (3.1.11a)
\pgffor@iter=\dimen315
\pgffor@skip=\dimen316
\pgffor@stack=\toks60
\pgffor@toks=\toks61
))
(C:\Users\QI\AppData\Local\Programs\MiKTeX\tex/generic/pgf/frontendlayer/tikz\t
ikz.code.tex
Package: tikz 2025-08-29 v3.1.11a (3.1.11a)

(C:\Users\QI\AppData\Local\Programs\MiKTeX\tex/generic/pgf/libraries\pgflibrary
plothandlers.code.tex
File: pgflibraryplothandlers.code.tex 2025-08-29 v3.1.11a (3.1.11a)
\pgf@plot@mark@count=\count492
\pgfplotmarksize=\dimen317
)
\tikz@lastx=\dimen318
\tikz@lasty=\dimen319
\tikz@lastxsaved=\dimen320
\tikz@lastysaved=\dimen321
\tikz@lastmovetox=\dimen322
\tikz@lastmovetoy=\dimen323
\tikzleveldistance=\dimen324
\tikzsiblingdistance=\dimen325
\tikz@figbox=\box73
\tikz@figbox@bg=\box74
\tikz@tempbox=\box75
\tikz@tempbox@bg=\box76
\tikztreelevel=\count493
\tikznumberofchildren=\count494
\tikznumberofcurrentchild=\count495
\tikz@fig@count=\count496

(C:\Users\QI\AppData\Local\Programs\MiKTeX\tex/generic/pgf/modules\pgfmodulemat
rix.code.tex
File: pgfmodulematrix.code.tex 2025-08-29 v3.1.11a (3.1.11a)
\pgfmatrixcurrentrow=\count497
\pgfmatrixcurrentcolumn=\count498
\pgf@matrix@numberofcolumns=\count499
)
\tikz@expandcount=\count500

(C:\Users\QI\AppData\Local\Programs\MiKTeX\tex/generic/pgf/frontendlayer/tikz/l
ibraries\tikzlibrarytopaths.code.tex
File: tikzlibrarytopaths.code.tex 2025-08-29 v3.1.11a (3.1.11a)
)))
(C:\Users\QI\AppData\Local\Programs\MiKTeX\tex/latex/tools\verbatim.sty
Package: verbatim 2024-01-22 v1.5x LaTeX2e package for verbatim enhancements
\every@verbatim=\toks62
\verbatim@line=\toks63
\verbatim@in@stream=\read4
)
(C:\Users\QI\AppData\Local\Programs\MiKTeX\tex/latex/environ\environ.sty
Package: environ 2014/05/04 v0.3 A new way to define environments

(C:\Users\QI\AppData\Local\Programs\MiKTeX\tex/latex/trimspaces\trimspaces.sty
Package: trimspaces 2009/09/17 v1.1 Trim spaces around a token list
))
\tcb@titlebox=\box77
\tcb@upperbox=\box78
\tcb@lowerbox=\box79
\tcb@phantombox=\box80
\c@tcbbreakpart=\count501
\c@tcblayer=\count502
\c@tcolorbox@number=\count503
\l__tcobox_tmpa_box=\box81
\l__tcobox_tmpa_dim=\dimen326
\tcb@temp=\box82
\tcb@temp=\box83
\tcb@temp=\box84
\tcb@temp=\box85

(C:\Users\QI\AppData\Local\Programs\MiKTeX\tex/latex/tcolorbox\tcbraster.code.t
ex
Library (tcolorbox): 'tcbraster.code.tex' version '6.9.0'
\c@tcbrastercolumn=\count504
\c@tcbrasterrow=\count505
\c@tcbrasternum=\count506
\c@tcbraster=\count507
)
(C:\Users\QI\AppData\Local\Programs\MiKTeX\tex/latex/tcolorbox\tcbskins.code.te
x
Library (tcolorbox): 'tcbskins.code.tex' version '6.9.0'

(C:\Users\QI\AppData\Local\Programs\MiKTeX\tex/latex/tikzfill\tikzfill.image.st
y
Package: tikzfill.image 2023/08/08 v1.0.1 Image filling library for TikZ

(C:\Users\QI\AppData\Local\Programs\MiKTeX\tex/latex/tikzfill\tikzfill-common.s
ty
Package: tikzfill-common 2023/08/08 v1.0.1 Auxiliary code for tikzfill
)
(C:\Users\QI\AppData\Local\Programs\MiKTeX\tex/latex/tikzfill\tikzlibraryfill.i
mage.code.tex
File: tikzlibraryfill.image.code.tex 2023/08/08 v1.0.1 Image filling library
\l__tikzfill_img_box=\box86
))
(C:\Users\QI\AppData\Local\Programs\MiKTeX\tex/latex/tcolorbox\tcbskinsjigsaw.c
ode.tex
Library (tcolorbox): 'tcbskinsjigsaw.code.tex' version '6.9.0'
))
(C:\Users\QI\AppData\Local\Programs\MiKTeX\tex/latex/tcolorbox\tcbbreakable.cod
e.tex
Library (tcolorbox): 'tcbbreakable.code.tex' version '6.9.0'
(C:\Users\QI\AppData\Local\Programs\MiKTeX\tex/latex/pdfcol\pdfcol.sty
Package: pdfcol 2022-09-21 v1.7 Handle new color stacks for pdfTeX (HO)
)
Package pdfcol Info: New color stack `tcb@breakable' = 1 on input line 23.
\tcb@testbox=\box87
\tcb@totalupperbox=\box88
\tcb@totallowerbox=\box89
)
(C:\Users\QI\AppData\Local\Programs\MiKTeX\tex/latex/tcolorbox\tcbhooks.code.te
x
Library (tcolorbox): 'tcbhooks.code.tex' version '6.9.0'
)
(C:\Users\QI\AppData\Local\Programs\MiKTeX\tex/latex/tcolorbox\tcbtheorems.code
.tex
Library (tcolorbox): 'tcbtheorems.code.tex' version '6.9.0'
)
(C:\Users\QI\AppData\Local\Programs\MiKTeX\tex/latex/tcolorbox\tcbfitting.code.
tex
Library (tcolorbox): 'tcbfitting.code.tex' version '6.9.0'
\tcbfitdim=\dimen327
\tcb@lowerfitdim=\dimen328
\tcb@upperfitdim=\dimen329
\tcb@cur@hbadness=\count508
)
(C:\Users\QI\AppData\Local\Programs\MiKTeX\tex/latex/tcolorbox\tcblistingsutf8.
code.tex
Library (tcolorbox): 'tcblistingsutf8.code.tex' version '6.9.0'

(C:\Users\QI\AppData\Local\Programs\MiKTeX\tex/latex/tcolorbox\tcblistings.code
.tex
Library (tcolorbox): 'tcblistings.code.tex' version '6.9.0'
(C:\Users\QI\AppData\Local\Programs\MiKTeX\tex/latex/listings\listings.sty
\lst@mode=\count509
\lst@gtempboxa=\box90
\lst@token=\toks64
\lst@length=\count510
\lst@currlwidth=\dimen330
\lst@column=\count511
\lst@pos=\count512
\lst@lostspace=\dimen331
\lst@width=\dimen332
\lst@newlines=\count513
\lst@lineno=\count514
\lst@maxwidth=\dimen333

(C:\Users\QI\AppData\Local\Programs\MiKTeX\tex/latex/listings\lstpatch.sty
File: lstpatch.sty 2025/11/14 1.11b (Carsten Heinz)
)
(C:\Users\QI\AppData\Local\Programs\MiKTeX\tex/latex/listings\lstmisc.sty
File: lstmisc.sty 2025/11/14 1.11b (Carsten Heinz)
\c@lstnumber=\count515
\lst@skipnumbers=\count516
\lst@framebox=\box91
)
(C:\Users\QI\AppData\Local\Programs\MiKTeX\tex/latex/listings\listings.cfg
File: listings.cfg 2025/11/14 1.11b listings configuration
))
Package: listings 2025/11/14 1.11b (Carsten Heinz)

==> First Aid for listings.sty no longer applied!
    Expected:
        2024/09/23 1.10c (Carsten Heinz)
    but found:
        2025/11/14 1.11b (Carsten Heinz)
    so I'm assuming it got fixed.

(C:\Users\QI\AppData\Local\Programs\MiKTeX\tex/latex/tcolorbox\tcblistingscore.
code.tex
Library (tcolorbox): 'tcblistingscore.code.tex' version '6.9.0'

(C:\Users\QI\AppData\Local\Programs\MiKTeX\tex/latex/tcolorbox\tcbprocessing.co
de.tex
Library (tcolorbox): 'tcbprocessing.code.tex' version '6.9.0'
)
\c@tcblisting=\count517
))
(C:\Users\QI\AppData\Local\Programs\MiKTeX\tex/latex/listingsutf8\listingsutf8.
sty
Package: listingsutf8 2019-12-10 v1.5 Allow UTF-8 in listings input (HO)

(C:\Users\QI\AppData\Local\Programs\MiKTeX\tex/generic/stringenc\stringenc.sty
Package: stringenc 2019/11/29 v1.12 Convert strings between diff. encodings (HO
)

(C:\Users\QI\AppData\Local\Programs\MiKTeX\tex/generic/pdfescape\pdfescape.sty
Package: pdfescape 2019/12/09 v1.15 Implements pdfTeX's escape features (HO)
))))
(C:\Users\QI\AppData\Local\Programs\MiKTeX\tex/latex/tcolorbox\tcbexternal.code
.tex
Library (tcolorbox): 'tcbexternal.code.tex' version '6.9.0'
)
(C:\Users\QI\AppData\Local\Programs\MiKTeX\tex/latex/tcolorbox\tcbmagazine.code
.tex
Library (tcolorbox): 'tcbmagazine.code.tex' version '6.9.0'
)
(C:\Users\QI\AppData\Local\Programs\MiKTeX\tex/latex/tcolorbox\tcbvignette.code
.tex
Library (tcolorbox): 'tcbvignette.code.tex' version '6.9.0'

(C:\Users\QI\AppData\Local\Programs\MiKTeX\tex/generic/pgf/frontendlayer/tikz/l
ibraries\tikzlibraryfadings.code.tex
File: tikzlibraryfadings.code.tex 2025-08-29 v3.1.11a (3.1.11a)

(C:\Users\QI\AppData\Local\Programs\MiKTeX\tex/generic/pgf/libraries\pgflibrary
fadings.code.tex
File: pgflibraryfadings.code.tex 2025-08-29 v3.1.11a (3.1.11a)
)))
(C:\Users\QI\AppData\Local\Programs\MiKTeX\tex/latex/tcolorbox\tcbposter.code.t
ex
Library (tcolorbox): 'tcbposter.code.tex' version '6.9.0'
)) (C:\Users\QI\AppData\Local\Programs\MiKTeX\tex/latex/titlesec\titlesec.sty
Package: titlesec 2025/01/04 v2.17 Sectioning titles
\ttl@box=\box92
\beforetitleunit=\skip128
\aftertitleunit=\skip129
\ttl@plus=\dimen334
\ttl@minus=\dimen335
\ttl@toksa=\toks65
\titlewidth=\dimen336
\titlewidthlast=\dimen337
\titlewidthfirst=\dimen338
)
(C:\Users\QI\AppData\Local\Programs\MiKTeX\tex/latex/setspace\setspace.sty
Package: setspace 2022/12/04 v6.7b set line spacing
)
(C:\Users\QI\AppData\Local\Programs\MiKTeX\tex/latex/pdfx\pdfx.sty
Package: pdfx 2024/06/24 v1.6.5f PDF/X and PDF/A support (CVR/HTH/RRM/PS)
\pdfx@minorversion=\count518
\pdfx@majorversion=\count519

(C:\Users\QI\AppData\Local\Programs\MiKTeX\tex/generic/iftex\ifluatex.sty
Package: ifluatex 2019/10/25 v1.5 ifluatex legacy package. Use iftex instead.
)
(C:\Users\QI\AppData\Local\Programs\MiKTeX\tex/generic/iftex\ifpdf.sty
Package: ifpdf 2019/10/25 v3.4 ifpdf legacy package. Use iftex instead.
)
(C:\Users\QI\AppData\Local\Programs\MiKTeX\tex/generic/iftex\ifxetex.sty
Package: ifxetex 2019/10/25 v0.7 ifxetex legacy package. Use iftex instead.
)
(C:\Users\QI\AppData\Local\Programs\MiKTeX\tex/latex/everyshi\everyshi.sty
Package: everyshi 2020/11/18 v4.00 EveryShipout Package
){C:/Users/QI/AppData/Local/MiKTeX/fonts/map/pdftex/pdftex.map}
(C:\Users\QI\AppData\Local\Programs\MiKTeX\tex/latex/pdfx\l8u-penc.def
File: l8u-penc.def 2017/06/23 v0.8 Custom LaTeX file, for UTF8 encoded letters 
and symbols
LaTeX Encoding Info:    Redeclaring text command \textdoubletilde (encoding L8U
) on input line 210.
LaTeX Encoding Info:    Redeclaring text command \texttipaG (encoding L8U) on i
nput line 256.
LaTeX Encoding Info:    Redeclaring text command \texttipam (encoding L8U) on i
nput line 257.
LaTeX Encoding Info:    Redeclaring text command \texttipaM (encoding L8U) on i
nput line 258.
LaTeX Encoding Info:    Redeclaring text command \b (encoding L8U) on input lin
e 278.
LaTeX Encoding Info:    Text composite with undeclared \b in encoding L8U on in
put line 278.
LaTeX Encoding Info:    Redeclaring text command \textacutemacron (encoding L8U
) on input line 323.
LaTeX Encoding Info:    Redeclaring text command \textgravemacron (encoding L8U
) on input line 334.
LaTeX Encoding Info:    Redeclaring text command \textacutemacron (encoding L8U
) on input line 336.
LaTeX Encoding Info:    Redeclaring text command \textellipsis (encoding L8U) o
n input line 2514.
LaTeX Encoding Info:    Redeclaring text command \textfractionsolidus (encoding
 L8U) on input line 2529.
LaTeX Encoding Info:    Redeclaring text command \texthinferior (encoding L8U) 
on input line 2618.
LaTeX Encoding Info:    Redeclaring text command \texthslash (encoding L8U) on 
input line 2678.
LaTeX Encoding Info:    Redeclaring text command \texttrademark (encoding L8U) 
on input line 2687.
LaTeX Encoding Info:    Redeclaring text command \textupstep (encoding L8U) on 
input line 3739.
LaTeX Encoding Info:    Redeclaring text command \textdownstep (encoding L8U) o
n input line 3740.
LaTeX Encoding Info:    Redeclaring text command \textcopyleft (encoding L8U) o
n input line 3810.
)
\pdfxsafeforxmp@toks=\toks66
\pdfx@tmptoks=\toks67

(C:\Users\QI\AppData\Local\Programs\MiKTeX\tex/latex/hyperref\hyperref.sty
Package: hyperref 2026-04-24 v7.01q Hypertext links for LaTeX

(C:\Users\QI\AppData\Local\Programs\MiKTeX\tex/generic/kvdefinekeys\kvdefinekey
s.sty
Package: kvdefinekeys 2019-12-19 v1.6 Define keys (HO)
) (C:\Users\QI\AppData\Local\Programs\MiKTeX\tex/latex/hycolor\hycolor.sty
Package: hycolor 2020-01-27 v1.10 Color options for hyperref/bookmark (HO)
) (C:\Users\QI\AppData\Local\Programs\MiKTeX\tex/latex/hyperref\nameref.sty
Package: nameref 2026-01-29 v2.58 Cross-referencing by name of section

(C:\Users\QI\AppData\Local\Programs\MiKTeX\tex/latex/refcount\refcount.sty
Package: refcount 2019/12/15 v3.6 Data extraction from label references (HO)
)
(C:\Users\QI\AppData\Local\Programs\MiKTeX\tex/generic/gettitlestring\gettitles
tring.sty
Package: gettitlestring 2019/12/15 v1.6 Cleanup title references (HO)
)
\c@section@level=\count520
)
\@linkdim=\dimen339
\Hy@linkcounter=\count521
\Hy@pagecounter=\count522

(C:\Users\QI\AppData\Local\Programs\MiKTeX\tex/latex/hyperref\pd1enc.def
File: pd1enc.def 2026-04-24 v7.01q Hyperref: PDFDocEncoding definition (HO)
)
(C:\Users\QI\AppData\Local\Programs\MiKTeX\tex/generic/intcalc\intcalc.sty
Package: intcalc 2019/12/15 v1.3 Expandable calculations with integers (HO)
)
\Hy@SavedSpaceFactor=\count523

(C:\Users\QI\AppData\Local\Programs\MiKTeX\tex/latex/hyperref\puenc.def
File: puenc.def 2026-04-24 v7.01q Hyperref: PDF Unicode definition (HO)
)
Package hyperref Info: Option `pdfa' set `true' on input line 4070.
Package hyperref Info: Hyper figures OFF on input line 4199.
Package hyperref Info: Link nesting OFF on input line 4204.
Package hyperref Info: Hyper index ON on input line 4207.
Package hyperref Info: Plain pages OFF on input line 4214.
Package hyperref Info: Backreferencing OFF on input line 4219.
Package hyperref Info: Implicit mode ON; LaTeX internals redefined.
Package hyperref Info: Bookmarks ON on input line 4466.
\c@Hy@tempcnt=\count524
LaTeX Info: Redefining \url on input line 4805.
\XeTeXLinkMargin=\dimen340

(C:\Users\QI\AppData\Local\Programs\MiKTeX\tex/generic/bitset\bitset.sty
Package: bitset 2019/12/09 v1.3 Handle bit-vector datatype (HO)

(C:\Users\QI\AppData\Local\Programs\MiKTeX\tex/generic/bigintcalc\bigintcalc.st
y
Package: bigintcalc 2019/12/15 v1.5 Expandable calculations on big integers (HO
)
))
\Fld@menulength=\count525
\Field@Width=\dimen341
\Fld@charsize=\dimen342
Package hyperref Info: Hyper figures OFF on input line 6091.
Package hyperref Info: Link nesting OFF on input line 6096.
Package hyperref Info: Hyper index ON on input line 6099.
Package hyperref Info: backreferencing OFF on input line 6106.
Package hyperref Info: Link coloring OFF on input line 6111.
Package hyperref Info: Link coloring with OCG OFF on input line 6116.
Package hyperref Info: PDF/A mode ON on input line 6119.
\Hy@abspage=\count526
\c@Item=\count527
\c@Hfootnote=\count528
)
Package hyperref Info: Driver: hpdftex.
 (C:\Users\QI\AppData\Local\Programs\MiKTeX\tex/latex/hyperref\hpdftex.def
File: hpdftex.def 2026-04-24 v7.01q Hyperref driver for pdfTeX
\Fld@listcount=\count529
\c@bookmark@seq@number=\count530

(C:\Users\QI\AppData\Local\Programs\MiKTeX\tex/latex/rerunfilecheck\rerunfilech
eck.sty
Package: rerunfilecheck 2025-06-21 v1.11 Rerun checks for auxiliary files (HO)

(C:\Users\QI\AppData\Local\Programs\MiKTeX\tex/generic/uniquecounter\uniquecoun
ter.sty
Package: uniquecounter 2019/12/15 v1.4 Provide unlimited unique counter (HO)
)
Package uniquecounter Info: New unique counter `rerunfilecheck' on input line 2
84.
)
\Hy@SectionHShift=\skip130
)
Package hyperref Info: Option `psdextra' set `true' on input line 1535.

(C:\Users\QI\AppData\Local\Programs\MiKTeX\tex/latex/hyperref\psdextra.def
File: psdextra.def 2026-04-24 v7.01q Hyperref: Additions to PDF string support
)
(C:\Users\QI\AppData\Local\Programs\MiKTeX\tex/generic/colorprofiles\colorprofi
les.sty
Package: colorprofiles 2018/11/01 v1.0.1 color profiles for PDF/X and PDF/A sup
port

(C:\Users\QI\AppData\Local\Programs\MiKTeX\tex/generic/colorprofiles\colorprofi
les.tex))
(C:\Users\QI\AppData\Local\Programs\MiKTeX\tex/latex/pdfx\AdobeColorProfiles.te
x) (C:\Users\QI\AppData\Local\Programs\MiKTeX\tex/latex/pdfx\8bit.def
File: 8bit.def 2008/03/30 v1.1d Input encoding file
)
** pdfx: No file main.xmpdata . Metadata will be incomplete!
<<sRGB.icc>> (C:\Users\QI\AppData\Local\Programs\MiKTeX\tex/latex/pdfx\8bit.def
File: 8bit.def 2008/03/30 v1.1d Input encoding file
)
(C:\Users\QI\AppData\Local\Programs\MiKTeX\tex/generic/pdftex\glyphtounicode.te
x)
(C:\Users\QI\AppData\Local\Programs\MiKTeX\tex/latex/pdfx\glyphtounicode-cmr.te
x)
(C:\Users\QI\AppData\Local\Programs\MiKTeX\tex/latex/pdfx\glyphtounicode-ntx.te
x) (C:\Users\QI\AppData\Local\Programs\MiKTeX\tex/latex/xmpincl\xmpincl.sty
Package: xmpincl 2021/09/22 v2.4 Include XMP data in pdflatex
)
(C:\Users\QI\AppData\Local\Programs\MiKTeX\tex/latex/pdfx\8bit.def
File: 8bit.def 2008/03/30 v1.1d Input encoding file
)
Using XMP template file: pdfa.xmp
\xmpinclWrite=\write6
\xmpinclRead=\read5
\openout6 = `pdfa.xmpi'.

<<pdfa.xmpi>>

Package pdfx Warning: Setting all color commands to rgb,
consistent with the Color Model for PDF/A  on input line 3126.

) (C:\Users\QI\AppData\Local\Programs\MiKTeX\tex/latex/base\utf8.def
File: utf8.def 2022/06/07 v1.3c UTF-8 support
Now handling font encoding OML ...
... no UTF-8 mapping file for font encoding OML
Now handling font encoding OMS ...
... processing UTF-8 mapping file for font encoding OMS

(C:\Users\QI\AppData\Local\Programs\MiKTeX\tex/latex/base\omsenc.dfu
File: omsenc.dfu 2022/06/07 v1.3c UTF-8 support
   defining Unicode char U+00A7 (decimal 167)
   defining Unicode char U+00B6 (decimal 182)
   defining Unicode char U+00B7 (decimal 183)
   defining Unicode char U+2020 (decimal 8224)
   defining Unicode char U+2021 (decimal 8225)
   defining Unicode char U+2022 (decimal 8226)
)
Now handling font encoding OT1 ...
... processing UTF-8 mapping file for font encoding OT1

(C:\Users\QI\AppData\Local\Programs\MiKTeX\tex/latex/base\ot1enc.dfu
File: ot1enc.dfu 2022/06/07 v1.3c UTF-8 support
   defining Unicode char U+00A0 (decimal 160)
   defining Unicode char U+00A1 (decimal 161)
   defining Unicode char U+00A3 (decimal 163)
   defining Unicode char U+00AD (decimal 173)
   defining Unicode char U+00B8 (decimal 184)
   defining Unicode char U+00BF (decimal 191)
   defining Unicode char U+00C5 (decimal 197)
   defining Unicode char U+00C6 (decimal 198)
   defining Unicode char U+00D8 (decimal 216)
   defining Unicode char U+00DF (decimal 223)
   defining Unicode char U+00E6 (decimal 230)
   defining Unicode char U+00EC (decimal 236)
   defining Unicode char U+00ED (decimal 237)
   defining Unicode char U+00EE (decimal 238)
   defining Unicode char U+00EF (decimal 239)
   defining Unicode char U+00F8 (decimal 248)
   defining Unicode char U+0131 (decimal 305)
   defining Unicode char U+0141 (decimal 321)
   defining Unicode char U+0142 (decimal 322)
   defining Unicode char U+0152 (decimal 338)
   defining Unicode char U+0153 (decimal 339)
   defining Unicode char U+0174 (decimal 372)
   defining Unicode char U+0175 (decimal 373)
   defining Unicode char U+0176 (decimal 374)
   defining Unicode char U+0177 (decimal 375)
   defining Unicode char U+0218 (decimal 536)
   defining Unicode char U+0219 (decimal 537)
   defining Unicode char U+021A (decimal 538)
   defining Unicode char U+021B (decimal 539)
   defining Unicode char U+0237 (decimal 567)
   defining Unicode char U+2013 (decimal 8211)
   defining Unicode char U+2014 (decimal 8212)
   defining Unicode char U+2018 (decimal 8216)
   defining Unicode char U+2019 (decimal 8217)
   defining Unicode char U+201C (decimal 8220)
   defining Unicode char U+201D (decimal 8221)
   defining Unicode char U+FB00 (decimal 64256)
   defining Unicode char U+FB01 (decimal 64257)
   defining Unicode char U+FB02 (decimal 64258)
   defining Unicode char U+FB03 (decimal 64259)
   defining Unicode char U+FB04 (decimal 64260)
   defining Unicode char U+FB05 (decimal 64261)
   defining Unicode char U+FB06 (decimal 64262)
)
Now handling font encoding T1 ...
... processing UTF-8 mapping file for font encoding T1

(C:\Users\QI\AppData\Local\Programs\MiKTeX\tex/latex/base\t1enc.dfu
File: t1enc.dfu 2022/06/07 v1.3c UTF-8 support
   defining Unicode char U+00A0 (decimal 160)
   defining Unicode char U+00A1 (decimal 161)
   defining Unicode char U+00A3 (decimal 163)
   defining Unicode char U+00AB (decimal 171)
   defining Unicode char U+00AD (decimal 173)
   defining Unicode char U+00BB (decimal 187)
   defining Unicode char U+00BF (decimal 191)
   defining Unicode char U+00C0 (decimal 192)
   defining Unicode char U+00C1 (decimal 193)
   defining Unicode char U+00C2 (decimal 194)
   defining Unicode char U+00C3 (decimal 195)
   defining Unicode char U+00C4 (decimal 196)
   defining Unicode char U+00C5 (decimal 197)
   defining Unicode char U+00C6 (decimal 198)
   defining Unicode char U+00C7 (decimal 199)
   defining Unicode char U+00C8 (decimal 200)
   defining Unicode char U+00C9 (decimal 201)
   defining Unicode char U+00CA (decimal 202)
   defining Unicode char U+00CB (decimal 203)
   defining Unicode char U+00CC (decimal 204)
   defining Unicode char U+00CD (decimal 205)
   defining Unicode char U+00CE (decimal 206)
   defining Unicode char U+00CF (decimal 207)
   defining Unicode char U+00D0 (decimal 208)
   defining Unicode char U+00D1 (decimal 209)
   defining Unicode char U+00D2 (decimal 210)
   defining Unicode char U+00D3 (decimal 211)
   defining Unicode char U+00D4 (decimal 212)
   defining Unicode char U+00D5 (decimal 213)
   defining Unicode char U+00D6 (decimal 214)
   defining Unicode char U+00D8 (decimal 216)
   defining Unicode char U+00D9 (decimal 217)
   defining Unicode char U+00DA (decimal 218)
   defining Unicode char U+00DB (decimal 219)
   defining Unicode char U+00DC (decimal 220)
   defining Unicode char U+00DD (decimal 221)
   defining Unicode char U+00DE (decimal 222)
   defining Unicode char U+00DF (decimal 223)
   defining Unicode char U+00E0 (decimal 224)
   defining Unicode char U+00E1 (decimal 225)
   defining Unicode char U+00E2 (decimal 226)
   defining Unicode char U+00E3 (decimal 227)
   defining Unicode char U+00E4 (decimal 228)
   defining Unicode char U+00E5 (decimal 229)
   defining Unicode char U+00E6 (decimal 230)
   defining Unicode char U+00E7 (decimal 231)
   defining Unicode char U+00E8 (decimal 232)
   defining Unicode char U+00E9 (decimal 233)
   defining Unicode char U+00EA (decimal 234)
   defining Unicode char U+00EB (decimal 235)
   defining Unicode char U+00EC (decimal 236)
   defining Unicode char U+00ED (decimal 237)
   defining Unicode char U+00EE (decimal 238)
   defining Unicode char U+00EF (decimal 239)
   defining Unicode char U+00F0 (decimal 240)
   defining Unicode char U+00F1 (decimal 241)
   defining Unicode char U+00F2 (decimal 242)
   defining Unicode char U+00F3 (decimal 243)
   defining Unicode char U+00F4 (decimal 244)
   defining Unicode char U+00F5 (decimal 245)
   defining Unicode char U+00F6 (decimal 246)
   defining Unicode char U+00F8 (decimal 248)
   defining Unicode char U+00F9 (decimal 249)
   defining Unicode char U+00FA (decimal 250)
   defining Unicode char U+00FB (decimal 251)
   defining Unicode char U+00FC (decimal 252)
   defining Unicode char U+00FD (decimal 253)
   defining Unicode char U+00FE (decimal 254)
   defining Unicode char U+00FF (decimal 255)
   defining Unicode char U+0100 (decimal 256)
   defining Unicode char U+0101 (decimal 257)
   defining Unicode char U+0102 (decimal 258)
   defining Unicode char U+0103 (decimal 259)
   defining Unicode char U+0104 (decimal 260)
   defining Unicode char U+0105 (decimal 261)
   defining Unicode char U+0106 (decimal 262)
   defining Unicode char U+0107 (decimal 263)
   defining Unicode char U+0108 (decimal 264)
   defining Unicode char U+0109 (decimal 265)
   defining Unicode char U+010A (decimal 266)
   defining Unicode char U+010B (decimal 267)
   defining Unicode char U+010C (decimal 268)
   defining Unicode char U+010D (decimal 269)
   defining Unicode char U+010E (decimal 270)
   defining Unicode char U+010F (decimal 271)
   defining Unicode char U+0110 (decimal 272)
   defining Unicode char U+0111 (decimal 273)
   defining Unicode char U+0112 (decimal 274)
   defining Unicode char U+0113 (decimal 275)
   defining Unicode char U+0114 (decimal 276)
   defining Unicode char U+0115 (decimal 277)
   defining Unicode char U+0116 (decimal 278)
   defining Unicode char U+0117 (decimal 279)
   defining Unicode char U+0118 (decimal 280)
   defining Unicode char U+0119 (decimal 281)
   defining Unicode char U+011A (decimal 282)
   defining Unicode char U+011B (decimal 283)
   defining Unicode char U+011C (decimal 284)
   defining Unicode char U+011D (decimal 285)
   defining Unicode char U+011E (decimal 286)
   defining Unicode char U+011F (decimal 287)
   defining Unicode char U+0120 (decimal 288)
   defining Unicode char U+0121 (decimal 289)
   defining Unicode char U+0122 (decimal 290)
   defining Unicode char U+0123 (decimal 291)
   defining Unicode char U+0124 (decimal 292)
   defining Unicode char U+0125 (decimal 293)
   defining Unicode char U+0128 (decimal 296)
   defining Unicode char U+0129 (decimal 297)
   defining Unicode char U+012A (decimal 298)
   defining Unicode char U+012B (decimal 299)
   defining Unicode char U+012C (decimal 300)
   defining Unicode char U+012D (decimal 301)
   defining Unicode char U+012E (decimal 302)
   defining Unicode char U+012F (decimal 303)
   defining Unicode char U+0130 (decimal 304)
   defining Unicode char U+0131 (decimal 305)
   defining Unicode char U+0132 (decimal 306)
   defining Unicode char U+0133 (decimal 307)
   defining Unicode char U+0134 (decimal 308)
   defining Unicode char U+0135 (decimal 309)
   defining Unicode char U+0136 (decimal 310)
   defining Unicode char U+0137 (decimal 311)
   defining Unicode char U+0139 (decimal 313)
   defining Unicode char U+013A (decimal 314)
   defining Unicode char U+013B (decimal 315)
   defining Unicode char U+013C (decimal 316)
   defining Unicode char U+013D (decimal 317)
   defining Unicode char U+013E (decimal 318)
   defining Unicode char U+0141 (decimal 321)
   defining Unicode char U+0142 (decimal 322)
   defining Unicode char U+0143 (decimal 323)
   defining Unicode char U+0144 (decimal 324)
   defining Unicode char U+0145 (decimal 325)
   defining Unicode char U+0146 (decimal 326)
   defining Unicode char U+0147 (decimal 327)
   defining Unicode char U+0148 (decimal 328)
   defining Unicode char U+014A (decimal 330)
   defining Unicode char U+014B (decimal 331)
   defining Unicode char U+014C (decimal 332)
   defining Unicode char U+014D (decimal 333)
   defining Unicode char U+014E (decimal 334)
   defining Unicode char U+014F (decimal 335)
   defining Unicode char U+0150 (decimal 336)
   defining Unicode char U+0151 (decimal 337)
   defining Unicode char U+0152 (decimal 338)
   defining Unicode char U+0153 (decimal 339)
   defining Unicode char U+0154 (decimal 340)
   defining Unicode char U+0155 (decimal 341)
   defining Unicode char U+0156 (decimal 342)
   defining Unicode char U+0157 (decimal 343)
   defining Unicode char U+0158 (decimal 344)
   defining Unicode char U+0159 (decimal 345)
   defining Unicode char U+015A (decimal 346)
   defining Unicode char U+015B (decimal 347)
   defining Unicode char U+015C (decimal 348)
   defining Unicode char U+015D (decimal 349)
   defining Unicode char U+015E (decimal 350)
   defining Unicode char U+015F (decimal 351)
   defining Unicode char U+0160 (decimal 352)
   defining Unicode char U+0161 (decimal 353)
   defining Unicode char U+0162 (decimal 354)
   defining Unicode char U+0163 (decimal 355)
   defining Unicode char U+0164 (decimal 356)
   defining Unicode char U+0165 (decimal 357)
   defining Unicode char U+0168 (decimal 360)
   defining Unicode char U+0169 (decimal 361)
   defining Unicode char U+016A (decimal 362)
   defining Unicode char U+016B (decimal 363)
   defining Unicode char U+016C (decimal 364)
   defining Unicode char U+016D (decimal 365)
   defining Unicode char U+016E (decimal 366)
   defining Unicode char U+016F (decimal 367)
   defining Unicode char U+0170 (decimal 368)
   defining Unicode char U+0171 (decimal 369)
   defining Unicode char U+0172 (decimal 370)
   defining Unicode char U+0173 (decimal 371)
   defining Unicode char U+0174 (decimal 372)
   defining Unicode char U+0175 (decimal 373)
   defining Unicode char U+0176 (decimal 374)
   defining Unicode char U+0177 (decimal 375)
   defining Unicode char U+0178 (decimal 376)
   defining Unicode char U+0179 (decimal 377)
   defining Unicode char U+017A (decimal 378)
   defining Unicode char U+017B (decimal 379)
   defining Unicode char U+017C (decimal 380)
   defining Unicode char U+017D (decimal 381)
   defining Unicode char U+017E (decimal 382)
   defining Unicode char U+01C4 (decimal 452)
   defining Unicode char U+01C5 (decimal 453)
   defining Unicode char U+01C6 (decimal 454)
   defining Unicode char U+01C7 (decimal 455)
   defining Unicode char U+01C8 (decimal 456)
   defining Unicode char U+01C9 (decimal 457)
   defining Unicode char U+01CA (decimal 458)
   defining Unicode char U+01CB (decimal 459)
   defining Unicode char U+01CC (decimal 460)
   defining Unicode char U+01CD (decimal 461)
   defining Unicode char U+01CE (decimal 462)
   defining Unicode char U+01CF (decimal 463)
   defining Unicode char U+01D0 (decimal 464)
   defining Unicode char U+01D1 (decimal 465)
   defining Unicode char U+01D2 (decimal 466)
   defining Unicode char U+01D3 (decimal 467)
   defining Unicode char U+01D4 (decimal 468)
   defining Unicode char U+01E2 (decimal 482)
   defining Unicode char U+01E3 (decimal 483)
   defining Unicode char U+01E6 (decimal 486)
   defining Unicode char U+01E7 (decimal 487)
   defining Unicode char U+01E8 (decimal 488)
   defining Unicode char U+01E9 (decimal 489)
   defining Unicode char U+01EA (decimal 490)
   defining Unicode char U+01EB (decimal 491)
   defining Unicode char U+01F0 (decimal 496)
   defining Unicode char U+01F4 (decimal 500)
   defining Unicode char U+01F5 (decimal 501)
   defining Unicode char U+0218 (decimal 536)
   defining Unicode char U+0219 (decimal 537)
   defining Unicode char U+021A (decimal 538)
   defining Unicode char U+021B (decimal 539)
   defining Unicode char U+0232 (decimal 562)
   defining Unicode char U+0233 (decimal 563)
   defining Unicode char U+0237 (decimal 567)
   defining Unicode char U+02D9 (decimal 729)
   defining Unicode char U+02DB (decimal 731)
   defining Unicode char U+1E02 (decimal 7682)
   defining Unicode char U+1E03 (decimal 7683)
   defining Unicode char U+1E0D (decimal 7693)
   defining Unicode char U+1E1E (decimal 7710)
   defining Unicode char U+1E1F (decimal 7711)
   defining Unicode char U+1E25 (decimal 7717)
   defining Unicode char U+1E30 (decimal 7728)
   defining Unicode char U+1E31 (decimal 7729)
   defining Unicode char U+1E37 (decimal 7735)
   defining Unicode char U+1E8E (decimal 7822)
   defining Unicode char U+1E8F (decimal 7823)
   defining Unicode char U+1E43 (decimal 7747)
   defining Unicode char U+1E45 (decimal 7749)
   defining Unicode char U+1E47 (decimal 7751)
   defining Unicode char U+1E5B (decimal 7771)
   defining Unicode char U+1E63 (decimal 7779)
   defining Unicode char U+1E6D (decimal 7789)
   defining Unicode char U+1E90 (decimal 7824)
   defining Unicode char U+1E91 (decimal 7825)
   defining Unicode char U+1E9E (decimal 7838)
   defining Unicode char U+1EF2 (decimal 7922)
   defining Unicode char U+1EF3 (decimal 7923)
   defining Unicode char U+200C (decimal 8204)
   defining Unicode char U+2010 (decimal 8208)
   defining Unicode char U+2011 (decimal 8209)
   defining Unicode char U+2012 (decimal 8210)
   defining Unicode char U+2013 (decimal 8211)
   defining Unicode char U+2014 (decimal 8212)
   defining Unicode char U+2015 (decimal 8213)
   defining Unicode char U+2018 (decimal 8216)
   defining Unicode char U+2019 (decimal 8217)
   defining Unicode char U+201A (decimal 8218)
   defining Unicode char U+201C (decimal 8220)
   defining Unicode char U+201D (decimal 8221)
   defining Unicode char U+201E (decimal 8222)
   defining Unicode char U+2030 (decimal 8240)
   defining Unicode char U+2031 (decimal 8241)
   defining Unicode char U+2039 (decimal 8249)
   defining Unicode char U+203A (decimal 8250)
   defining Unicode char U+2423 (decimal 9251)
   defining Unicode char U+1E20 (decimal 7712)
   defining Unicode char U+1E21 (decimal 7713)
   defining Unicode char U+FB00 (decimal 64256)
   defining Unicode char U+FB01 (decimal 64257)
   defining Unicode char U+FB02 (decimal 64258)
   defining Unicode char U+FB03 (decimal 64259)
   defining Unicode char U+FB04 (decimal 64260)
   defining Unicode char U+FB05 (decimal 64261)
   defining Unicode char U+FB06 (decimal 64262)
)
Now handling font encoding TS1 ...
... processing UTF-8 mapping file for font encoding TS1

(C:\Users\QI\AppData\Local\Programs\MiKTeX\tex/latex/base\ts1enc.dfu
File: ts1enc.dfu 2022/06/07 v1.3c UTF-8 support
   defining Unicode char U+00A2 (decimal 162)
   defining Unicode char U+00A3 (decimal 163)
   defining Unicode char U+00A4 (decimal 164)
   defining Unicode char U+00A5 (decimal 165)
   defining Unicode char U+00A6 (decimal 166)
   defining Unicode char U+00A7 (decimal 167)
   defining Unicode char U+00A8 (decimal 168)
   defining Unicode char U+00A9 (decimal 169)
   defining Unicode char U+00AA (decimal 170)
   defining Unicode char U+00AC (decimal 172)
   defining Unicode char U+00AE (decimal 174)
   defining Unicode char U+00AF (decimal 175)
   defining Unicode char U+00B0 (decimal 176)
   defining Unicode char U+00B1 (decimal 177)
   defining Unicode char U+00B2 (decimal 178)
   defining Unicode char U+00B3 (decimal 179)
   defining Unicode char U+00B4 (decimal 180)
   defining Unicode char U+00B5 (decimal 181)
   defining Unicode char U+00B6 (decimal 182)
   defining Unicode char U+00B7 (decimal 183)
   defining Unicode char U+00B9 (decimal 185)
   defining Unicode char U+00BA (decimal 186)
   defining Unicode char U+00BC (decimal 188)
   defining Unicode char U+00BD (decimal 189)
   defining Unicode char U+00BE (decimal 190)
   defining Unicode char U+00D7 (decimal 215)
   defining Unicode char U+00F7 (decimal 247)
   defining Unicode char U+0192 (decimal 402)
   defining Unicode char U+02C7 (decimal 711)
   defining Unicode char U+02D8 (decimal 728)
   defining Unicode char U+02DD (decimal 733)
   defining Unicode char U+0E3F (decimal 3647)
   defining Unicode char U+2016 (decimal 8214)
   defining Unicode char U+2020 (decimal 8224)
   defining Unicode char U+2021 (decimal 8225)
   defining Unicode char U+2022 (decimal 8226)
   defining Unicode char U+2030 (decimal 8240)
   defining Unicode char U+2031 (decimal 8241)
   defining Unicode char U+203B (decimal 8251)
   defining Unicode char U+203D (decimal 8253)
   defining Unicode char U+2044 (decimal 8260)
   defining Unicode char U+204E (decimal 8270)
   defining Unicode char U+2052 (decimal 8274)
   defining Unicode char U+20A1 (decimal 8353)
   defining Unicode char U+20A4 (decimal 8356)
   defining Unicode char U+20A6 (decimal 8358)
   defining Unicode char U+20A9 (decimal 8361)
   defining Unicode char U+20AB (decimal 8363)
   defining Unicode char U+20AC (decimal 8364)
   defining Unicode char U+20B1 (decimal 8369)
   defining Unicode char U+2103 (decimal 8451)
   defining Unicode char U+2116 (decimal 8470)
   defining Unicode char U+2117 (decimal 8471)
   defining Unicode char U+211E (decimal 8478)
   defining Unicode char U+2120 (decimal 8480)
   defining Unicode char U+2122 (decimal 8482)
   defining Unicode char U+2126 (decimal 8486)
   defining Unicode char U+2127 (decimal 8487)
   defining Unicode char U+212E (decimal 8494)
   defining Unicode char U+2190 (decimal 8592)
   defining Unicode char U+2191 (decimal 8593)
   defining Unicode char U+2192 (decimal 8594)
   defining Unicode char U+2193 (decimal 8595)
   defining Unicode char U+2329 (decimal 9001)
   defining Unicode char U+3008 (decimal 12296)
   defining Unicode char U+232A (decimal 9002)
   defining Unicode char U+3009 (decimal 12297)
   defining Unicode char U+2422 (decimal 9250)
   defining Unicode char U+25E6 (decimal 9702)
   defining Unicode char U+25EF (decimal 9711)
   defining Unicode char U+266A (decimal 9834)
   defining Unicode char U+27E8 (decimal 10216)
   defining Unicode char U+27E9 (decimal 10217)
   defining Unicode char U+FEFF (decimal 65279)
)
Now handling font encoding OMX ...
... no UTF-8 mapping file for font encoding OMX
Now handling font encoding U ...
... no UTF-8 mapping file for font encoding U
Now handling font encoding PD1 ...
... no UTF-8 mapping file for font encoding PD1
Now handling font encoding PU ...
... no UTF-8 mapping file for font encoding PU
   defining Unicode char U+00A9 (decimal 169)
   defining Unicode char U+00AA (decimal 170)
   defining Unicode char U+00AE (decimal 174)
   defining Unicode char U+00BA (decimal 186)
   defining Unicode char U+02C6 (decimal 710)
   defining Unicode char U+02DC (decimal 732)
   defining Unicode char U+200C (decimal 8204)
   defining Unicode char U+2026 (decimal 8230)
   defining Unicode char U+2122 (decimal 8482)
   defining Unicode char U+2423 (decimal 9251)
   defining Unicode char U+FEFF (decimal 65279)
)
(C:\Users\QI\AppData\Local\Programs\MiKTeX\tex/latex/lm\lmodern.sty
Package: lmodern 2015/05/01 v1.6.1 Latin Modern Fonts
LaTeX Font Info:    Overwriting symbol font `operators' in version `normal'
(Font)                  OT1/cmr/m/n --> OT1/lmr/m/n on input line 22.
LaTeX Font Info:    Overwriting symbol font `letters' in version `normal'
(Font)                  OML/cmm/m/it --> OML/lmm/m/it on input line 23.
LaTeX Font Info:    Overwriting symbol font `symbols' in version `normal'
(Font)                  OMS/cmsy/m/n --> OMS/lmsy/m/n on input line 24.
LaTeX Font Info:    Overwriting symbol font `largesymbols' in version `normal'
(Font)                  OMX/cmex/m/n --> OMX/lmex/m/n on input line 25.
LaTeX Font Info:    Overwriting symbol font `operators' in version `bold'
(Font)                  OT1/cmr/bx/n --> OT1/lmr/bx/n on input line 26.
LaTeX Font Info:    Overwriting symbol font `letters' in version `bold'
(Font)                  OML/cmm/b/it --> OML/lmm/b/it on input line 27.
LaTeX Font Info:    Overwriting symbol font `symbols' in version `bold'
(Font)                  OMS/cmsy/b/n --> OMS/lmsy/b/n on input line 28.
LaTeX Font Info:    Overwriting symbol font `largesymbols' in version `bold'
(Font)                  OMX/cmex/m/n --> OMX/lmex/m/n on input line 29.
LaTeX Font Info:    Overwriting math alphabet `\mathbf' in version `normal'
(Font)                  OT1/cmr/bx/n --> OT1/lmr/bx/n on input line 31.
LaTeX Font Info:    Overwriting math alphabet `\mathsf' in version `normal'
(Font)                  OT1/cmss/m/n --> OT1/lmss/m/n on input line 32.
LaTeX Font Info:    Overwriting math alphabet `\mathit' in version `normal'
(Font)                  OT1/cmr/m/it --> OT1/lmr/m/it on input line 33.
LaTeX Font Info:    Overwriting math alphabet `\mathtt' in version `normal'
(Font)                  OT1/cmtt/m/n --> OT1/lmtt/m/n on input line 34.
LaTeX Font Info:    Overwriting math alphabet `\mathbf' in version `bold'
(Font)                  OT1/cmr/bx/n --> OT1/lmr/bx/n on input line 35.
LaTeX Font Info:    Overwriting math alphabet `\mathsf' in version `bold'
(Font)                  OT1/cmss/bx/n --> OT1/lmss/bx/n on input line 36.
LaTeX Font Info:    Overwriting math alphabet `\mathit' in version `bold'
(Font)                  OT1/cmr/bx/it --> OT1/lmr/bx/it on input line 37.
LaTeX Font Info:    Overwriting math alphabet `\mathtt' in version `bold'
(Font)                  OT1/cmtt/m/n --> OT1/lmtt/m/n on input line 38.
)
(C:\Users\QI\AppData\Local\Programs\MiKTeX\tex/latex/booktabs\booktabs.sty
Package: booktabs 2020/01/12 v1.61803398 Publication quality tables
\heavyrulewidth=\dimen343
\lightrulewidth=\dimen344
\cmidrulewidth=\dimen345
\belowrulesep=\dimen346
\belowbottomsep=\dimen347
\aboverulesep=\dimen348
\abovetopsep=\dimen349
\cmidrulesep=\dimen350
\cmidrulekern=\dimen351
\defaultaddspace=\dimen352
\@cmidla=\count531
\@cmidlb=\count532
\@aboverulesep=\dimen353
\@belowrulesep=\dimen354
\@thisruleclass=\count533
\@lastruleclass=\count534
\@thisrulewidth=\dimen355
)
(C:\Users\QI\AppData\Local\Programs\MiKTeX\tex/latex/siunitx\siunitx.sty
Package: siunitx 2026-04-15 v3.5.4 A comprehensive (SI) units package
\l__siunitx_number_uncert_offset_int=\count535
\l__siunitx_number_exponent_fixed_int=\count536
\l__siunitx_number_min_decimal_int=\count537
\l__siunitx_number_min_integer_int=\count538
\l__siunitx_number_round_precision_int=\count539
\l__siunitx_number_lower_threshold_int=\count540
\l__siunitx_number_upper_threshold_int=\count541
\l__siunitx_number_group_first_int=\count542
\l__siunitx_number_group_size_int=\count543
\l__siunitx_number_group_min_int=\count544
\l__siunitx_number_group_minimum_int=\count545
\l__siunitx_compound_count_int=\count546

(C:\Users\QI\AppData\Local\Programs\MiKTeX\tex/latex/translations\translations.
sty
Package: translations 2022/02/05 v1.12 internationalization of LaTeX2e packages
 (CN)
)
\l__siunitx_table_tmp_box=\box93
\l__siunitx_table_tmp_dim=\dimen356
\l__siunitx_table_column_width_dim=\dimen357
\l__siunitx_table_integer_box=\box94
\l__siunitx_table_decimal_box=\box95
\l__siunitx_table_uncert_box=\box96
\l__siunitx_table_before_box=\box97
\l__siunitx_table_after_box=\box98
\l__siunitx_table_before_dim=\dimen358
\l__siunitx_table_carry_dim=\dimen359
\l__siunitx_unit_tmp_int=\count547
\l__siunitx_unit_position_int=\count548
\l__siunitx_unit_total_int=\count549
\l__siunitx_sexagesimal_tmp_dim=\dimen360
\l__siunitx_sexagesimal_marker_box=\box99
\l__siunitx_sexagesimal_unit_box=\box100
) (C:\Users\QI\AppData\Local\Programs\MiKTeX\tex/latex/base\fontenc.sty
Package: fontenc 2025/07/18 v2.1d Standard LaTeX package
LaTeX Font Info:    Trying to load font information for T1+lmr on input line 11
6.

(C:\Users\QI\AppData\Local\Programs\MiKTeX\tex/latex/lm\t1lmr.fd
File: t1lmr.fd 2015/05/01 v1.6.1 Font defs for Latin Modern
))
(C:\Users\QI\AppData\Local\Programs\MiKTeX\tex/latex/epstopdf-pkg\epstopdf.sty
Package: epstopdf 2020-01-24 v2.11 Conversion with epstopdf on the fly (HO)

(C:\Users\QI\AppData\Local\Programs\MiKTeX\tex/latex/grfext\grfext.sty
Package: grfext 2019/12/03 v1.3 Manage graphics extensions (HO)
)
(C:\Users\QI\AppData\Local\Programs\MiKTeX\tex/latex/epstopdf-pkg\epstopdf-base
.sty
Package: epstopdf-base 2020-01-24 v2.11 Base part for package epstopdf
Package epstopdf-base Info: Redefining graphics rule for `.eps' on input line 4
85.
Package grfext Info: Graphics extension search list:
(grfext)             [.pdf,.png,.jpg,.mps,.jpeg,.jbig2,.jb2,.PDF,.PNG,.JPG,.JPE
G,.JBIG2,.JB2,.eps]
(grfext)             \AppendGraphicsExtensions on input line 504.

(C:\Users\QI\AppData\Local\Programs\MiKTeX\tex/latex/00miktex\epstopdf-sys.cfg
File: epstopdf-sys.cfg 2021/03/18 v2.0 Configuration of epstopdf for MiKTeX
))) (C:\Users\QI\AppData\Local\Programs\MiKTeX\tex/latex/blindtext\blindtext.st
y
Package: blindtext 2012/01/06 V2.0 blindtext-Package
(C:\Users\QI\AppData\Local\Programs\MiKTeX\tex/latex/tools\xspace.sty
Package: xspace 2014/10/28 v1.13 Space after command names (DPC,MH)
)
\c@blindtext=\count550
\c@Blindtext=\count551
\c@blind@countparstart=\count552
\blind@countxx=\count553
\blindtext@numBlindtext=\count554
\blind@countyy=\count555
\c@blindlist=\count556
\c@blindlistlevel=\count557
\c@blindlist@level=\count558
\blind@listitem=\count559
\c@blind@listcount=\count560
\c@blind@levelcount=\count561
\blind@mathformula=\count562
\blind@Mathformula=\count563
\c@blind@randomcount=\count564
\c@blind@randommax=\count565
\c@blind@pangramcount=\count566
\c@blind@pangrammax=\count567
)
(C:\Users\QI\AppData\Local\Programs\MiKTeX\tex/latex/commath\commath.sty)
(C:\Users\QI\AppData\Local\Programs\MiKTeX\tex/latex/float\float.sty
Package: float 2001/11/08 v1.3d Float enhancements (AL)
\c@float@type=\count568
\float@exts=\toks68
\float@box=\box101
\@float@everytoks=\toks69
\@floatcapt=\box102
)
(C:\Users\QI\AppData\Local\Programs\MiKTeX\tex/latex/graphics\epsfig.sty
Package: epsfig 2024/01/14 v1.7b (e)psfig emulation (SPQR)
\epsfxsize=\dimen361
\epsfysize=\dimen362
)
\@nomenclaturefile=\write7
\openout7 = `main.nlo'.

Package nomencl Info: Writing nomenclature file main.nlo on input line 52.
\c@definition=\count569
\c@example=\count570
\c@pro=\count571
\c@remark=\count572
\c@lem=\count573
\c@prop=\count574

(C:\Users\QI\AppData\Local\Programs\MiKTeX\tex/generic/babel\babel.sty
Package: babel 2026/04/15 v26.6 The multilingual framework for LuaLaTeX, pdfLaT
eX and XeLaTeX
\babel@savecnt=\count575
LaTeX Encoding Info:    Redeclaring text command \ij (encoding OT1) on input li
ne 2078.
LaTeX Encoding Info:    Redeclaring text command \IJ (encoding OT1) on input li
ne 2080.
LaTeX Encoding Info:    Redeclaring text command \ij (encoding T1) on input lin
e 2082.
LaTeX Encoding Info:    Redeclaring text command \IJ (encoding T1) on input lin
e 2083.
LaTeX Encoding Info:    Ignoring declaration for text command \ij (encoding ?) 
on input line 2084.
LaTeX Encoding Info:    Ignoring declaration for text command \IJ (encoding ?) 
on input line 2086.
LaTeX Encoding Info:    Ignoring declaration for text command \SS (encoding ?) 
on input line 2111.
\U@D=\dimen363
\l@unhyphenated=\language80

(C:\Users\QI\AppData\Local\Programs\MiKTeX\tex/generic/babel\txtbabel.def)
\bbl@readstream=\read6
\bbl@dirlevel=\count576
Package babel Info: Configuration files are deprecated, as
(babel)             they can break document portability.
(babel)             Reported on input line 4206.

*************************************
* Local config file bblopts.cfg used
*
(C:\Users\QI\AppData\Local\Programs\MiKTeX\tex/latex/arabi\bblopts.cfg
File: bblopts.cfg 2005/09/08 v0.1 add Arabic and Farsi to "declared" options of
 babel
)
(C:\Users\QI\AppData\Local\Programs\MiKTeX\tex/generic/babel/locale/en\babel-en
glish.tex)
Package babel Info: Importing font and identification data for english
(babel)             from babel-en.ini. Reported on input line 4330.

(C:\Users\QI\AppData\Local\Programs\MiKTeX\tex/latex/babel-english\english.ldf
Language: english 2017/06/06 v3.3r English support from the babel system
Package babel Info: Hyphen rules for 'canadian' set to \l@english
(babel)             (\language0). Reported on input line 102.
Package babel Info: Hyphen rules for 'australian' set to \l@ukenglish
(babel)             (\language73). Reported on input line 105.
Package babel Info: Hyphen rules for 'newzealand' set to \l@ukenglish
(babel)             (\language73). Reported on input line 108.
)) (C:\Users\QI\AppData\Local\Programs\MiKTeX\tex/latex/lipsum\lipsum.sty
(C:\Users\QI\AppData\Local\Programs\MiKTeX\tex/latex/l3packages/l3keys2e\l3keys
2e.sty
Package: l3keys2e 2025-10-09 LaTeX2e option processing using LaTeX3 keys
)
Package: lipsum 2021-09-20 v2.7 150 paragraphs of Lorem Ipsum dummy text
\g__lipsum_par_int=\count577
\l__lipsum_a_int=\count578
\l__lipsum_b_int=\count579

(C:\Users\QI\AppData\Local\Programs\MiKTeX\tex/latex/lipsum\lipsum.ltd.tex))
(C:\Users\QI\AppData\Local\Programs\MiKTeX\tex/latex/microtype\microtype.sty
Package: microtype 2026/03/01 v3.2d Micro-typographical refinements (RS)
\MT@toks=\toks70
\MT@tempbox=\box103
\MT@count=\count580
LaTeX Info: Redefining \noprotrusionifhmode on input line 1084.
LaTeX Info: Redefining \leftprotrusion on input line 1085.
\MT@prot@toks=\toks71
LaTeX Info: Redefining \rightprotrusion on input line 1104.
LaTeX Info: Redefining \textls on input line 1449.
\MT@outer@kern=\dimen364
LaTeX Info: Redefining \microtypecontext on input line 2053.
LaTeX Info: Redefining \textmicrotypecontext on input line 2070.
\MT@listname@count=\count581

(C:\Users\QI\AppData\Local\Programs\MiKTeX\tex/latex/microtype\microtype-pdftex
.def
File: microtype-pdftex.def 2026/03/01 v3.2d Definitions specific to pdftex (RS)

LaTeX Info: Redefining \lsstyle on input line 944.
LaTeX Info: Redefining \lslig on input line 944.
\MT@outer@space=\skip131
)
Package microtype Info: Loading configuration file microtype.cfg.

(C:\Users\QI\AppData\Local\Programs\MiKTeX\tex/latex/microtype\microtype.cfg
File: microtype.cfg 2026/03/01 v3.2d microtype main configuration file (RS)
)
LaTeX Info: Redefining \microtypesetup on input line 3065.
)
(C:\Users\QI\AppData\Local\Programs\MiKTeX\tex/latex/background\background.sty
Package: background 2014/03/04 v2.1 background material

(C:\Users\QI\AppData\Local\Programs\MiKTeX\tex/latex/everypage\everypage.sty
Package: everypage 2020/10/17 R2.0b Hooks to run on every page


Package everypage Warning: Functionality similar to this package has recently
(everypage)                been implemented in LaTeX. This package is now in
(everypage)                legacy status.
(everypage)                Please, don't use it in new documents and packages.


Package everypage Warning: You appear to be running a version of LaTeX
(everypage)                providing the new functionality.
(everypage)                Doing the best to deliver the original `everypage`
(everypage)                interface on top of it. Strict equivalence is
(everypage)                not possible, breakage may occur.
(everypage)                If truly needed, Use `everypage-1x` to force the
(everypage)                loading of an older code base.

) (C:\Users\QI\AppData\Local\Programs\MiKTeX\tex/latex/tools\afterpage.sty
Package: afterpage 2023/07/04 v1.08 After-Page Package (DPC)
\AP@output=\toks72
\AP@partial=\box104
\AP@footins=\box105
))

Package hyperref Warning: Unexpected value for option `hidelinks'
(hyperref)                is ignored on input line 110.


Package biblatex Warning: Load 'inputenc' before biblatex.

Package csquotes Info: Checking for multilingual support...
Package csquotes Info: ... found 'babel' package.
Package csquotes Info: Adjusting default style.
Package csquotes Info: Redefining alias 'default' -> 'english'.
(main.aux)
\openout1 = `main.aux'.

LaTeX Font Info:    Checking defaults for OML/cmm/m/it on input line 113.
LaTeX Font Info:    ... okay on input line 113.
LaTeX Font Info:    Checking defaults for OMS/cmsy/m/n on input line 113.
LaTeX Font Info:    ... okay on input line 113.
LaTeX Font Info:    Checking defaults for OT1/cmr/m/n on input line 113.
LaTeX Font Info:    ... okay on input line 113.
LaTeX Font Info:    Checking defaults for T1/cmr/m/n on input line 113.
LaTeX Font Info:    ... okay on input line 113.
LaTeX Font Info:    Checking defaults for TS1/cmr/m/n on input line 113.
LaTeX Font Info:    ... okay on input line 113.
LaTeX Font Info:    Checking defaults for OMX/cmex/m/n on input line 113.
LaTeX Font Info:    ... okay on input line 113.
LaTeX Font Info:    Checking defaults for U/cmr/m/n on input line 113.
LaTeX Font Info:    ... okay on input line 113.
LaTeX Font Info:    Checking defaults for PD1/pdf/m/n on input line 113.
LaTeX Font Info:    ... okay on input line 113.
LaTeX Font Info:    Checking defaults for PU/pdf/m/n on input line 113.
LaTeX Font Info:    ... okay on input line 113.
Package biblatex Info: Trying to load language 'english'...
Package biblatex Info: ... file 'english.lbx' found.

(C:\Users\QI\AppData\Local\Programs\MiKTeX\tex/latex/biblatex/lbx\english.lbx
File: english.lbx 2025/07/10 v3.21 biblatex localization (PK/MW)
)
Package biblatex Info: Input encoding 'utf8' detected.
Package biblatex Info: Automatic encoding selection.
(biblatex)             Assuming data encoding 'utf8'.
\openout3 = `main.bcf'.

Package biblatex Info: Trying to load bibliographic data...
Package biblatex Info: ... file 'main.bbl' found.

(main.bbl)
Package biblatex Info: Reference section=0 on input line 113.
Package biblatex Info: Reference segment=0 on input line 113.
Package ragged2e Info: ABD: executing \RaggedRight on input line 113.

*geometry* driver: auto-detecting
*geometry* detected driver: pdftex
*geometry* verbose mode - [ preamble ] result:
* driver: pdftex
* paper: a4paper
* layout: <same size as paper>
* layoutoffset:(h,v)=(0.0pt,0.0pt)
* modes: twoside 
* h-part:(L,W,R)=(72.2698pt, 452.96826pt, 72.2698pt)
* v-part:(T,H,B)=(72.2698pt, 700.50723pt, 72.2698pt)
* \paperwidth=597.50787pt
* \paperheight=845.04684pt
* \textwidth=452.96826pt
* \textheight=700.50723pt
* \oddsidemargin=-0.00018pt
* \evensidemargin=-0.00018pt
* \topmargin=-37.00018pt
* \headheight=12.0pt
* \headsep=25.0pt
* \topskip=12.0pt
* \footskip=30.0pt
* \marginparwidth=85.0pt
* \marginparsep=10.0pt
* \columnsep=10.0pt
* \skip\footins=10.8pt plus 4.0pt minus 2.0pt
* \hoffset=0.0pt
* \voffset=0.0pt
* \mag=1000
* \@twocolumnfalse
* \@twosidetrue
* \@mparswitchtrue
* \@reversemarginfalse
* (1in=72.27pt=25.4mm, 1cm=28.453pt)

(C:\Users\QI\AppData\Local\Programs\MiKTeX\tex/context/base/mkii\supp-pdf.mkii
[Loading MPS to PDF converter (version 2006.09.02).]
\scratchcounter=\count582
\scratchdimen=\dimen365
\scratchbox=\box106
\nofMPsegments=\count583
\nofMParguments=\count584
\everyMPshowfont=\toks73
\MPscratchCnt=\count585
\MPscratchDim=\dimen366
\MPnumerator=\count586
\makeMPintoPDFobject=\count587
\everyMPtoPDFconversion=\toks74
)
Package caption Info: Begin \AtBeginDocument code.
Package caption Info: float package is loaded.
Package caption Info: hyperref package is loaded.
Package caption Info: listings package is loaded.
Package caption Info: longtable package is loaded.
 (C:\Users\QI\AppData\Local\Programs\MiKTeX\tex/latex/caption\ltcaption.sty
Package: ltcaption 2021/01/08 v1.4c longtable captions (AR)
)
Package caption Info: supertabular package is loaded.
Package caption Info: End \AtBeginDocument code.
\c@lstlisting=\count588
Package tocbasic Info: setting babel extension for `lol' on input line 113.
Package hyperref Info: Link coloring OFF on input line 113.

(main.out) (main.out)
\@outlinefile=\write8
\openout8 = `main.out'.


(C:\Users\QI\AppData\Local\Programs\MiKTeX\tex/latex/translations/dicts\transla
tions-basic-dictionary-english.trsl
File: translations-basic-dictionary-english.trsl (english translation file `tra
nslations-basic-dictionary')
)
Package translations Info: loading dictionary `translations-basic-dictionary' f
or `english'. on input line 113.
LaTeX Info: Redefining \microtypecontext on input line 113.
Package microtype Info: Applying patch `item' on input line 113.
Package microtype Info: Applying patch `toc' on input line 113.
Package microtype Info: Applying patch `eqnum' on input line 113.
Package microtype Info: Applying patch `verbatim' on input line 113.
LaTeX Info: Redefining \microtypesetup on input line 113.
Package microtype Info: Generating PDF output.
Package microtype Info: Character protrusion enabled (level 2).
Package microtype Info: Using default protrusion set `alltext'.
Package microtype Info: Automatic font expansion enabled (level 2),
(microtype)             stretch: 20, shrink: 20, step: 1, non-selected.
Package microtype Info: Using default expansion set `alltext-nott'.
Package microtype Info: Patching command `\showhyphens'.
Package microtype Info: No adjustment of tracking.
Package microtype Info: No adjustment of interword spacing.
Package microtype Info: No adjustment of character kerning.

(C:\Users\QI\AppData\Local\Programs\MiKTeX\tex/latex/microtype\mt-cmr.cfg
File: mt-cmr.cfg 2013/05/19 v2.2 microtype config. file: Computer Modern Roman 
(RS)
)
<nust-logo.png, id=103, 300.12125pt x 301.125pt>
File: nust-logo.png Graphic file (type png)
<use nust-logo.png>
Package pdftex.def Info: nust-logo.png  used on input line 126.
(pdftex.def)             Requested size: 128.04213pt x 128.04305pt.

[1

{C:/Users/QI/AppData/Local/Programs/MiKTeX/fonts/enc/dvips/lm/lm-ec.enc} <./nus
t-logo.png>]
LaTeX Font Info:    Trying to load font information for OT1+lmr on input line 1
63.

(C:\Users\QI\AppData\Local\Programs\MiKTeX\tex/latex/lm\ot1lmr.fd
File: ot1lmr.fd 2015/05/01 v1.6.1 Font defs for Latin Modern
)
LaTeX Font Info:    Trying to load font information for OML+lmm on input line 1
63.

(C:\Users\QI\AppData\Local\Programs\MiKTeX\tex/latex/lm\omllmm.fd
File: omllmm.fd 2015/05/01 v1.6.1 Font defs for Latin Modern
)
LaTeX Font Info:    Trying to load font information for OMS+lmsy on input line 
163.

(C:\Users\QI\AppData\Local\Programs\MiKTeX\tex/latex/lm\omslmsy.fd
File: omslmsy.fd 2015/05/01 v1.6.1 Font defs for Latin Modern
)
LaTeX Font Info:    Trying to load font information for OMX+lmex on input line 
163.

(C:\Users\QI\AppData\Local\Programs\MiKTeX\tex/latex/lm\omxlmex.fd
File: omxlmex.fd 2015/05/01 v1.6.1 Font defs for Latin Modern
)
LaTeX Font Info:    External font `lmex10' loaded for size
(Font)              <17.28> on input line 163.
LaTeX Font Info:    External font `lmex10' loaded for size
(Font)              <12> on input line 163.
LaTeX Font Info:    External font `lmex10' loaded for size
(Font)              <10> on input line 163.
LaTeX Font Info:    Trying to load font information for U+msa on input line 163
.

(C:\Users\QI\AppData\Local\Programs\MiKTeX\tex/latex/amsfonts\umsa.fd
File: umsa.fd 2013/01/14 v3.01 AMS symbols A
)
(C:\Users\QI\AppData\Local\Programs\MiKTeX\tex/latex/microtype\mt-msa.cfg
File: mt-msa.cfg 2006/02/04 v1.1 microtype config. file: AMS symbols (a) (RS)
)
LaTeX Font Info:    Trying to load font information for U+msb on input line 163
.

(C:\Users\QI\AppData\Local\Programs\MiKTeX\tex/latex/amsfonts\umsb.fd
File: umsb.fd 2013/01/14 v3.01 AMS symbols B
)
(C:\Users\QI\AppData\Local\Programs\MiKTeX\tex/latex/microtype\mt-msb.cfg
File: mt-msb.cfg 2005/06/01 v1.0 microtype config. file: AMS symbols (b) (RS)
)
File: nust-logo.png Graphic file (type png)
<use nust-logo.png>
Package pdftex.def Info: nust-logo.png  used on input line 165.
(pdftex.def)             Requested size: 113.80913pt x 113.81297pt.

pdfTeX warning (ext4): destination with the same identifier (name{page.1}) has 
been already used, duplicate ignored
<to be read again> 
                   \relax 
l.183 	\end{titlepage}
                       [1]
LaTeX Font Info:    External font `lmex10' loaded for size
(Font)              <8> on input line 192.
LaTeX Font Info:    External font `lmex10' loaded for size
(Font)              <6> on input line 192.

Overfull \hbox (0.14658pt too wide) in paragraph at lines 194--197
\T1/lmr/m/n/12 (+14) Mas-ters Pol-icy, is free of pla-gia-rism, er-rors, and mi
s-takes and is ac-cepted as par-tial ful- 
 []

[1]
Overfull \hbox (0.20358pt too wide) in paragraph at lines 217--219
[]\T1/lmr/m/n/12 (+5) We hereby rec-om-mend that the the-sis pre-pared un-der o
ur su-per-vi-sion by: Mr/Ms.......... 
 []


Overfull \hbox (0.12854pt too wide) in paragraph at lines 217--219
\T1/lmr/m/n/12 (+5) Ti-tled:...................................................
......... be ac-cepted in par-tial ful-filled the re-quire- 
 []


pdfTeX warning (ext4): destination with the same identifier (name{page.i}) has 
been already used, duplicate ignored
<to be read again> 
                   \relax 
l.240 \newpage
               [1]
Overfull \hbox (7.25525pt too wide) in paragraph at lines 247--250
\T1/lmr/m/n/12 (-20) sis is sub-mit-ted to the......................... (Name o
f De-part-ment of the Uni-ver-sity)................... 
 []


pdfTeX warning (ext4): destination with the same identifier (name{page.i}) has 
been already used, duplicate ignored
<to be read again> 
                   \relax 
l.264 \newpage
               [1]
pdfTeX warning (ext4): destination with the same identifier (name{page.i}) has 
been already used, duplicate ignored
<to be read again> 
                   \relax 
l.282   \newpage
                 [1]
Overfull \hbox (0.20839pt too wide) in paragraph at lines 292--293
\T1/lmr/m/n/12 (+18) my MS degree and that HEC and NUST, Islamabad has the righ
t to publish my name 
 []


pdfTeX warning (ext4): destination with the same identifier (name{page.i}) has 
been already used, duplicate ignored
<to be read again> 
                   \relax 
l.300   \newpage
                 [1]
pdfTeX warning (ext4): destination with the same identifier (name{page.i}) has 
been already used, duplicate ignored
<to be read again> 
                   \relax 
l.315 \newpage
               [1]
pdfTeX warning (ext4): destination with the same identifier (name{page.i}) has 
been already used, duplicate ignored
<to be read again> 
                   \relax 
l.326 \newpage
               [1] (main.toc)
\tf@toc=\write9
\openout9 = `main.toc'.

 [2

] (main.lot)
\tf@lot=\write10
\openout10 = `main.lot'.

 [3

] (main.lof)
\tf@lof=\write11
\openout11 = `main.lof'.

 [4

] [5

] [6

]
Chapter 1.

pdfTeX warning (ext4): destination with the same identifier (name{page.1}) has 
been already used, duplicate ignored
<to be read again> 
                   \relax 
l.364 \chapter
              {LITERATURE REVIEW} [1

{C:/Users/QI/AppData/Local/Programs/MiKTeX/fonts/enc/dvips/lm/lm-mathsy.enc}{C:
/Users/QI/AppData/Local/Programs/MiKTeX/fonts/enc/dvips/lm/lm-mathit.enc}{C:/Us
ers/QI/AppData/Local/Programs/MiKTeX/fonts/enc/dvips/lm/lm-rm.enc}]
Chapter 2.
[2

]
Chapter 3.
[3

]
Chapter 4.
[4

]
Chapter 5.

LaTeX Warning: Empty bibliography on input line 373.

[5

]
Appendix A.

Overfull \hbox (0.21964pt too wide) in paragraph at lines 382--382
\T1/lmr/m/n/12 (+17) same size as the text font. If you use upper/lower case, c
apitalize words as you usually 
 []

[6

] [7]

Package caption Warning: Unused \captionsetup[table] on input line 51.
See the caption package documentation for explanation.

[8] (main.aux)
 ***********
LaTeX2e <2025-11-01>
L3 programming layer <2026-03-20>
 ***********
Package rerunfilecheck Info: File `main.out' has not changed.
(rerunfilecheck)             Checksum: C4F2E6A50EF8510A6A6A126168F8E4F8;2434.
Package logreq Info: Writing requests to 'main.run.xml'.
\openout1 = `main.run.xml'.

 ) 
Here is how much of TeX's memory you used:
 58225 strings out of 467691
 1216791 string characters out of 5416439
 2211705 words of memory out of 5000000
 86314 multiletter control sequences out of 15000+600000
 694635 words of font info for 128 fonts, out of 8000000 for 9000
 1141 hyphenation exceptions out of 8191
 124i,17n,121p,2493b,2829s stack positions out of 10000i,1000n,20000p,200000b,200000s
<C:/Users/QI/AppData/Local/Programs/MiKTeX/fonts/type1/public/lm/lmbx10.pfb><
C:/Users/QI/AppData/Local/Programs/MiKTeX/fonts/type1/public/lm/lmbx12.pfb><C:/
Users/QI/AppData/Local/Programs/MiKTeX/fonts/type1/public/lm/lmmi12.pfb><C:/Use
rs/QI/AppData/Local/Programs/MiKTeX/fonts/type1/public/lm/lmr12.pfb><C:/Users/Q
I/AppData/Local/Programs/MiKTeX/fonts/type1/public/lm/lmr17.pfb><C:/Users/QI/Ap
pData/Local/Programs/MiKTeX/fonts/type1/public/lm/lmr8.pfb><C:/Users/QI/AppData
/Local/Programs/MiKTeX/fonts/type1/public/lm/lmsy10.pfb>
Output written on main.pdf (22 pages, 255462 bytes).
PDF statistics:
 261 PDF objects out of 1000 (max. 8388607)
 32 named destinations out of 1000 (max. 500000)
 39206 words of extra memory for PDF output out of 42996 (max. 10000000)

